2000-01-03;3.1924119209810
2000-01-04;3.0024173225389
2000-01-05;2.98543532410825
2000-01-06;2.97524612504986
2000-01-07;2.98883172379438
2000-01-10;3.05003484613844
2000-01-11;2.97538198103731
2000-01-12;2.92090373007178
2000-01-13;2.89373253258274
2000-01-14;2.9344893288163
2000-01-17;2.900525331955
2000-01-18;2.91411093069952
2000-01-19;2.89373253258274
2000-01-20;2.85976853572144
2000-01-21;2.82580453886014
2000-01-24;2.80542614074336
2000-01-26;2.83939013760466
2000-01-27;2.8325973382324
2000-01-28;2.79184054199884
2000-01-31;2.77146214388206
2000-02-01;2.82580453886014
2000-02-02;2.88014693383822
2000-02-03;3.0024173225389
2000-02-04;3.0363813194002
2000-02-07;3.08393091500602
2000-02-08;3.12468771123958
2000-02-09;3.05675971751698
2000-02-10;2.98883172379438
2000-02-11;2.82580453886014
2000-02-14;2.81901173948788
2000-02-15;2.90731813132726
2000-02-16;3.09072371437828
2000-02-17;3.05675971751698
2000-02-18;3.01939932096955
2000-02-21;3.01586706529598
2000-02-22;3.0024173225389
2000-02-23;3.0228636486494
2000-02-24;3.10437724111652
2000-02-25;3.18589083358364
2000-02-28;3.11789491186732
2000-02-29;3.12468771123958
2000-03-01;3.21292617508524
2000-03-02;3.11789491186732
2000-03-03;3.28092209680156
2000-03-08;3.35903928958255
2000-03-09;3.47723399865987
2000-03-10;3.3760212880132
2000-03-13;3.24695809994026
2000-03-14;3.15865170810088
2000-03-15;3.22657970182348
2000-03-16;3.21978690245122
2000-03-17;3.18582290558992
2000-03-20;3.09072371437828
2000-03-21;3.15185890872862
2000-03-22;3.15933098803811
2000-03-23;3.14493025336892
2000-03-24;3.1610413674352
2000-03-27;3.39896921229591
2000-03-28;3.25621250537948
2000-03-29;3.24268460791455
2000-03-30;3.16783930585979
2000-03-31;3.20862693640734
2000-04-03;3.18150316209322
2000-04-04;3.1644403366475
2000-04-05;3.29700013592703
2000-04-06;3.34458570489918
2000-04-07;3.37177745859754
2000-04-10;3.29020219750244
2000-04-11;3.20869491579159
2000-04-12;3.27660632065326
2000-04-13;3.20849097763885
2000-04-14;3.03120074352549
2000-04-17;2.91631558414989
2000-04-18;2.89612570702885
2000-04-19;2.76676093880887
2000-04-20;2.77355887723346
2000-04-24;2.71917536983673
2000-04-25;2.96390115312204
2000-04-26;2.92311352257448
2000-04-27;2.92311352257448
2000-04-28;2.92379331641694
2000-05-02;2.99789084524499
2000-05-03;2.98429496839581
2000-05-04;2.9910929068204
2000-05-05;2.98429496839581
2000-05-08;2.98769393760811
2000-05-09;2.99041311297794
2000-05-10;2.93670939942367
2000-05-11;2.8661467985764
2000-05-12;2.88572486123923
2000-05-15;2.93670939942367
2000-05-16;3.03188053736795
2000-05-17;3.00135779384154
2000-05-18;3.01148672209418
2000-05-19;2.94350733784826
2000-05-22;2.85853310754086
2000-05-23;2.87756733512972
2000-05-24;2.84153826147938
2000-05-25;2.88912383045152
2000-05-26;2.85581393217103
2000-05-29;2.88232589202693
2000-05-30;2.8911632119789
2000-05-31;2.84833619990397
2000-06-01;2.98436294778006
2000-06-02;3.16124530558794
2000-06-05;3.16097338805095
2000-06-06;3.27320735144096
2000-06-07;3.39883325352742
2000-06-08;3.41304094483482
2000-06-09;3.4125650891451
2000-06-12;3.39217127387132
2000-06-13;3.4057671507205
2000-06-14;3.35138364332377
2000-06-15;3.33778776647459
2000-06-16;3.43289092503463
2000-06-19;3.42616096599428
2000-06-20;3.46015065811724
2000-06-21;3.50093828866479
2000-06-23;3.494832000952
2000-06-26;3.50093828866479
2000-06-27;3.6094945146699
2000-06-28;3.69769644829905
2000-06-29;3.6094945146699
2000-06-30;3.69769644829905
2000-07-03;3.78250599986554
2000-07-04;3.88088507968267
2000-07-05;3.7858983819282
2000-07-06;3.78657685834074
2000-07-07;3.64002595323384
2000-07-10;3.65359548148448
2000-07-11;3.44055388794945
2000-07-12;3.38016948723411
2000-07-13;3.28721821871723
2000-07-14;3.39238206265968
2000-07-17;3.34421023736991
2000-07-18;3.32453442140649
2000-07-19;3.35167347790776
2000-07-20;3.5287558215786
2000-07-21;3.50772305279011
2000-07-24;3.42630588328628
2000-07-25;3.28721821871723
2000-07-26;3.31503575163104
2000-07-27;3.25600830374076
2000-07-28;3.16509246446148
2000-07-31;3.17662656347452
2000-08-01;3.07756900724486
2000-08-02;3.1420242664354
2000-08-03;3.16441398804895
2000-08-04;3.12099149764691
2000-08-07;3.22547686517682
2000-08-08;3.10742196939627
2000-08-09;3.06264252616916
2000-08-10;3.38559729853436
2000-08-11;3.38559729853436
2000-08-14;3.37202777028372
2000-08-15;3.41952111916096
2000-08-16;3.48736876041415
2000-08-17;3.61085146749496
2000-08-18;3.51450781691543
2000-08-21;3.45683732185021
2000-08-22;3.49415352453947
2000-08-23;3.57489221763077
2000-08-24;3.56200116579266
2000-08-25;3.62984880704586
2000-08-28;3.59660346283179
2000-08-29;3.68073453798575
2000-08-30;3.82660696668012
2000-08-31;3.73840503305097
2000-09-01;3.74858217923895
2000-09-04;3.74247589152616
2000-09-05;3.71872921708754
2000-09-06;3.86053078730672
2000-09-08;3.83339173080544
2000-09-11;3.91480890030927
2000-09-12;3.84356887699342
2000-09-13;3.74451132076375
2000-09-14;3.66309415125992
2000-09-15;3.68412692004841
2000-09-18;3.58914022229394
2000-09-19;3.57014288274305
2000-09-20;3.63052728345839
2000-09-21;3.5626796422052
2000-09-22;3.5138293405029
2000-09-25;3.52807734516607
2000-09-26;3.61017299108243
2000-09-27;3.60610213260724
2000-09-28;3.58914022229394
2000-09-29;3.5755706940433
2000-10-02;3.55250249601722
2000-10-03;3.56878592991798
2000-10-04;3.59592498641926
2000-10-05;3.61220842032003
2000-10-06;3.51450781691543
2000-10-09;3.50772305279011
2000-10-10;3.58574784023128
2000-10-11;3.59592498641926
2000-10-13;3.6393474768213
2000-10-16;3.52129258104075
2000-10-17;3.35845824203308
2000-10-18;3.39238206265968
2000-10-19;3.45344493978755
2000-10-20;3.39238206265968
2000-10-23;3.25329439809063
2000-10-24;3.11963454482184
2000-10-25;3.10742196939627
2000-10-26;3.31774965728117
2000-10-27;3.34963804867017
2000-10-30;3.44055388794945
2000-10-31;3.43376912382413
2000-11-01;3.47244227933845
2000-11-03;3.399166826785
2000-11-06;3.47312075575098
2000-11-07;3.54164687341671
2000-11-08;3.48126247270136
2000-11-09;3.39238206265968
2000-11-10;3.41341483144817
2000-11-13;3.44666017566223
2000-11-14;3.46022970391287
2000-11-16;3.51450781691543
2000-11-17;3.52129258104075
2000-11-20;3.50161676507732
2000-11-21;3.54164687341671
2000-11-22;3.53486210929139
2000-11-23;3.46022970391287
2000-11-24;3.42698435969881
2000-11-27;3.30825098750572
2000-11-28;3.28382583665457
2000-11-29;3.28246888382951
2000-11-30;3.2227629595267
2000-12-01;3.20240866715074
2000-12-04;3.19562390302542
2000-12-05;3.24243877549012
2000-12-06;3.02600479989243
2000-12-07;3.06603490823182
2000-12-08;3.06671338464435
2000-12-11;3.04975147433105
2000-12-12;3.03957432814307
2000-12-13;3.1888391389001
2000-12-14;3.2227629595267
2000-12-15;3.20851495486353
2000-12-18;3.16712789369908
2000-12-19;3.14270274284793
2000-12-20;3.08096138930752
2000-12-21;3.03278956401775
2000-12-22;3.05314385639371
2000-12-26;3.03278956401775
2000-12-27;3.06671338464435
2000-12-28;3.1060650165712
2001-01-02;3.19494542661289
2001-01-03;3.36863538822106
2001-01-04;3.39238206265968
2001-01-05;3.36049367127068
2001-01-08;3.35099500149523
2001-01-09;3.42155654839855
2001-01-10;3.39848835037247
2001-01-11;3.44666017566223
2001-01-12;3.48058399628883
2001-01-15;3.48058399628883
2001-01-16;3.55725183090494
2001-01-17;3.62170709009547
2001-01-18;3.67055739179778
2001-01-19;3.74993913206401
2001-01-22;3.70448121242437
2001-01-23;3.78657685834074
2001-01-24;3.73840503305097
2001-01-26;3.68751930211107
2001-01-29;3.69091168417373
2001-01-30;3.69430406623639
2001-01-31;3.69837492471158
2001-02-01;3.65020309942182
2001-02-02;3.65020309942182
2001-02-05;3.63663357117118
2001-02-06;3.67802063233563
2001-02-07;3.67123586821031
2001-02-08;3.77979209421542
2001-02-09;3.80014638659137
2001-02-12;3.78047057062795
2001-02-13;3.86731555143204
2001-02-14;3.9494111973484
2001-02-15;3.92905690497244
2001-02-16;3.82728544309265
2001-02-19;3.77572123574022
2001-02-20;3.86731555143204
2001-02-21;3.78929076399086
2001-02-22;3.79946791017884
2001-02-23;3.77911361780288
2001-02-28;3.72551398121286
2001-03-01;3.79268314605352
2001-03-02;3.83339173080544
2001-03-05;3.86053078730672
2001-03-06;3.86392316936938
2001-03-07;3.88766984380799
2001-03-08;3.88766984380799
2001-03-09;3.87410031555735
2001-03-12;3.69905340112412
2001-03-13;3.73162026892565
2001-03-14;3.66377262767246
2001-03-15;3.4161287370983
2001-03-16;3.4649790388006
2001-03-19;3.46633599162566
2001-03-20;3.38559729853436
2001-03-21;3.45344493978755
2001-03-22;3.24990201602797
2001-03-23;3.28993212436736
2001-03-26;3.25566199807187
2001-03-27;3.33037087339604
2001-03-28;3.31117960267056
2001-03-29;3.22139187177637
2001-03-30;3.21933566419864
2001-04-02;3.08088435396485
2001-04-03;3.08088435396485
2001-04-04;3.17341369496268
2001-04-05;3.35847237695834
2001-04-06;3.48184483162212
2001-04-09;3.50377771245124
2001-04-10;3.52639599580626
2001-04-11;3.47156379373347
2001-04-12;3.39274250325384
2001-04-16;3.33037087339604
2001-04-17;3.38246146536519
2001-04-18;3.55038508421311
2001-04-19;3.42701262954933
2001-04-20;3.31049420014465
2001-04-23;3.46059735331891
2001-04-24;3.55175588926493
2001-04-25;3.63263338732229
2001-04-26;3.68746558939508
2001-04-27;3.6607348908846
2001-04-30;3.66004948835869
2001-05-02;3.69980283486146
2001-05-03;3.81769206931796
2001-05-04;3.80398401879976
2001-05-07;3.68746558939508
2001-05-08;3.70117363991328
2001-05-09;3.81083804405886
2001-05-10;3.92735647346353
2001-05-11;3.87252427139074
2001-05-14;3.82454609457705
2001-05-15;3.81083804405886
2001-05-16;3.87252427139074
2001-05-17;3.89925496990123
2001-05-18;3.97464924775131
2001-05-21;4.02399822961683
2001-05-22;4.07814502916371
2001-05-23;4.0918530796819
2001-05-24;4.04387490286821
2001-05-25;3.96848062501813
2001-05-28;3.94791854924083
2001-05-29;3.95477257449993
2001-05-30;3.99589672605452
2001-05-31;4.098707104941
2001-06-01;4.12955021860695
2001-06-04;4.27691176167757
2001-06-05;4.18095540805019
2001-06-06;4.05141433065322
2001-06-07;4.00960477657272
2001-06-08;3.95477257449993
2001-06-11;4.00960477657272
2001-06-12;3.95477257449993
2001-06-13;3.98972810332133
2001-06-15;3.88691772443485
2001-06-18;3.86567024613165
2001-06-19;3.91364842294534
2001-06-20;3.99932373868407
2001-06-21;4.02262742456501
2001-06-22;3.92050244820444
2001-06-25;3.83140011983615
2001-06-26;3.79712999354066
2001-06-27;3.67444294140279
2001-06-28;3.62783556964092
2001-06-29;3.70048823738737
2001-07-02;3.6052172862859
2001-07-03;3.54695807158356
2001-07-04;3.51611495791761
2001-07-05;3.5640931347313
2001-07-06;3.5778011852495
2001-07-10;3.67101592877325
2001-07-11;3.73544376620877
2001-07-12;3.71830870306102
2001-07-13;3.68746558939508
2001-07-16;3.5778011852495
2001-07-17;3.55723910947221
2001-07-18;3.45511413311164
2001-07-19;3.48869885688122
2001-07-20;3.63263338732229
2001-07-23;3.70460065254283
2001-07-24;3.66690351361779
2001-07-25;3.70802766517238
2001-07-26;3.65867868330687
2001-07-27;3.66690351361779
2001-07-30;3.68746558939508
2001-07-31;3.71488169043148
2001-08-01;3.65113925552186
2001-08-02;3.5565537069463
2001-08-03;3.62715016711501
2001-08-06;3.66690351361779
2001-08-07;3.63194798479638
2001-08-08;3.62577936206319
2001-08-09;3.63263338732229
2001-08-10;3.65936408583278
2001-08-13;3.63948741258139
2001-08-14;3.68746558939508
2001-08-15;3.72242111821648
2001-08-16;3.72105031316466
2001-08-17;3.6052172862859
2001-08-20;3.58122819787905
2001-08-21;3.57917199030132
2001-08-22;3.64976845047004
2001-08-23;3.6333187898482
2001-08-24;3.82865850973251
2001-08-27;3.8416811577248
2001-08-28;3.83825414509525
2001-08-29;3.83140011983615
2001-08-30;3.81083804405886
2001-08-31;3.76971389250426
2001-09-03;3.75600584198607
2001-09-04;3.88623232190894
2001-09-05;3.97533465027722
2001-09-06;3.82523149710296
2001-09-10;3.76285986724517
2001-09-11;3.70117363991328
2001-09-12;3.79027596828156
2001-09-13;3.5640931347313
2001-09-14;3.49555288214032
2001-09-17;3.79027596828156
2001-09-18;3.87252427139074
2001-09-19;3.84510817035435
2001-09-20;3.68746558939508
2001-09-21;3.6401728151073
2001-09-24;3.46470976847437
2001-09-25;3.37218042747654
2001-09-26;3.34476432644015
2001-09-27;3.45442873058573
2001-09-28;3.51611495791761
2001-10-01;3.38931549062429
2001-10-02;3.37218042747654
2001-10-03;3.38588847799474
2001-10-04;3.44072068006753
2001-10-05;3.44414769269708
2001-10-08;3.43455205733434
2001-10-09;3.48801345435531
2001-10-10;3.5983632610268
2001-10-11;3.66690351361779
2001-10-15;3.77039929503017
2001-10-16;3.70391525001692
2001-10-17;3.68403857676553
2001-10-18;3.58602601556042
2001-10-19;3.5709471599904
2001-10-22;3.65662247572914
2001-10-23;3.67375753887688
2001-10-24;3.63126258227047
2001-10-25;3.612071311545
2001-10-26;3.612071311545
2001-10-29;3.54353105895401
2001-10-30;3.48527184425167
2001-10-31;3.55723910947221
2001-11-01;3.48869885688122
2001-11-05;3.47499080636302
2001-11-06;3.38931549062429
2001-11-07;3.42701262954933
2001-11-08;3.54010404632446
2001-11-09;3.70734226264647
2001-11-12;3.53050841096172
2001-11-13;3.53804783874673
2001-11-14;3.38657388052065
2001-11-16;3.13914356866719
2001-11-19;3.20699841873226
2001-11-20;3.26937004859006
2001-11-21;3.34476432644015
2001-11-22;3.48595724677758
2001-11-23;3.42015860429023
2001-11-26;3.37218042747654
2001-11-27;3.38520307546883
2001-11-28;3.31734822540375
2001-11-29;3.31803362792966
2001-11-30;3.36532640221744
2001-12-03;3.5010361023476
2001-12-04;3.47224919625938
2001-12-05;3.56752014736085
2001-12-06;3.48527184425167
2001-12-07;3.40302354114249
2001-12-10;3.36189938958789
2001-12-11;3.3344832885515
2001-12-12;3.31049420014465
2001-12-13;3.24538096018322
2001-12-14;3.25566199807187
2001-12-17;3.22824589703547
2001-12-18;3.30364017488556
2001-12-19;3.35847237695834
2001-12-20;3.28239269658235
2001-12-21;3.30843799256693
2001-12-26;3.37218042747654
2001-12-27;3.47499080636302
2001-12-28;3.50583392002897
2002-01-02;3.51268794528806
2002-01-03;3.53667703369491
2002-01-04;3.51474415286579
2002-01-07;3.5915092357677
2002-01-08;3.56272232967948
2002-01-09;3.51611495791761
2002-01-10;3.49349667456259
2002-01-11;3.44072068006753
2002-01-14;3.3139212127742
2002-01-15;3.29404453952282
2002-01-16;3.29678614962646
2002-01-17;3.34476432644015
2002-01-18;3.35367455927698
2002-01-21;3.31049420014465
2002-01-22;3.28993212436736
2002-01-23;3.26937004859006
2002-01-24;3.21933566419864
2002-01-28;3.33379788602559
2002-01-29;3.27005545111597
2002-01-30;3.26251602333096
2002-01-31;3.29678614962646
2002-02-01;3.30364017488556
2002-02-04;3.28307809910826
2002-02-05;3.28170729405644
2002-02-06;3.33791030118105
2002-02-07;3.31049420014465
2002-02-08;3.25977441322732
2002-02-13;3.39959652851294
2002-02-14;3.42701262954933
2002-02-15;3.45100171795618
2002-02-18;3.41330457903113
2002-02-19;3.41330457903113
2002-02-20;3.43729366743798
2002-02-21;3.49897989476987
2002-02-22;3.55723910947221
2002-02-25;3.63674580247775
2002-02-26;3.68746558939508
2002-02-27;3.79644459101475
2002-02-28;3.84510817035435
2002-03-01;3.96848062501813
2002-03-04;4.00275075131362
2002-03-05;3.90679439768624
2002-03-06;3.85196219561345
2002-03-07;3.87252427139074
2002-03-08;3.85813081834664
2002-03-11;3.91433382547125
2002-03-12;3.95134556187038
2002-03-13;3.98218867553632
2002-03-14;4.02948144982411
2002-03-15;4.11310055798511
2002-03-18;4.13297723123649
2002-03-19;4.13297723123649
2002-03-20;4.098707104941
2002-03-21;4.03016685235001
2002-03-22;4.00275075131362
2002-03-25;3.99640724774577
2002-03-26;4.04926977747786
2002-03-27;4.09508396991233
2002-03-28;4.07041478937069
2002-04-01;4.1592238393206
2002-04-02;4.10918064450755
2002-04-03;4.0739389580195
2002-04-04;4.08803563261472
2002-04-05;4.03164893423383
2002-04-08;4.0739389580195
2002-04-09;3.93790604817559
2002-04-10;3.94706888666249
2002-04-11;3.92592387476965
2002-04-12;3.89209185574112
2002-04-15;3.92662870849942
2002-04-16;3.95482205768986
2002-04-17;4.01050392234099
2002-04-18;3.97667190331246
2002-04-19;3.9414302168244
2002-04-22;3.92592387476965
2002-04-23;3.94706888666249
2002-04-24;3.96821389855532
2002-04-25;3.90125469422801
2002-04-26;3.81878914784596
2002-04-29;3.87658551368637
2002-04-30;3.87094684384828
2002-05-02;3.7490106085996
2002-05-03;3.81878914784596
2002-05-06;3.74266710503175
2002-05-07;3.73561876773414
2002-05-08;3.84839216449593
2002-05-09;3.77861362524957
2002-05-10;3.73491393400438
2002-05-13;3.64258071540567
2002-05-14;3.69332874394847
2002-05-15;3.66513539475803
2002-05-16;3.80610214071026
2002-05-17;3.81315047800787
2002-05-20;3.87658551368637
2002-05-21;3.90477886287682
2002-05-22;3.8906821882816
2002-05-23;3.96821389855532
2002-05-24;3.9541172239601
2002-05-27;3.94002054936488
2002-05-28;3.93297221206726
2002-05-29;3.89914019303873
2002-05-31;3.84275349465784
2002-06-03;3.84134382719831
2002-06-04;3.91182720017443
2002-06-05;3.90477886287682
2002-06-06;3.82019881530548
2002-06-07;3.76310728319483
2002-06-10;3.79200546611503
2002-06-11;3.73561876773414
2002-06-12;3.67570790070444
2002-06-13;3.60522452772833
2002-06-14;3.47694478891179
2002-06-17;3.50090913572367
2002-06-18;3.47130611907371
2002-06-19;3.41844358934162
2002-06-20;3.22813848230611
2002-06-21;2.97439833959209
2002-06-24;3.08787657008364
2002-06-25;3.2210901450085
2002-06-26;3.42901609528804
2002-06-27;3.49527046588559
2002-06-28;3.46073361312729
2002-07-01;3.38320190285356
2002-07-02;3.33315870804052
2002-07-03;3.29932668901198
2002-07-04;3.30919436122864
2002-07-05;3.27254300728106
2002-07-08;3.23025298349539
2002-07-10;3.15765510932999
2002-07-11;3.17175178392521
2002-07-12;3.19712579819661
2002-07-15;3.12946176013954
2002-07-16;3.17175178392521
2002-07-17;3.22249981246802
2002-07-18;3.15060677203238
2002-07-19;3.10549741332767
2002-07-22;2.88981829202075
2002-07-23;2.81933491904463
2002-07-24;2.9595968312671
2002-07-25;2.86514911147911
2002-07-26;2.74603221114947
2002-07-29;2.71360985958046
2002-07-30;2.75589988336613
2002-07-31;2.8834747884529
2002-08-01;2.95325332769925
2002-08-02;3.05193004986582
2002-08-05;2.90602946780526
2002-08-06;2.91096330391359
2002-08-07;2.9180116412112
2002-08-08;3.10831674824671
2002-08-09;3.17175178392521
2002-08-12;3.03994787645988
2002-08-13;2.86796844639815
2002-08-14;2.84752826823508
2002-08-15;2.87924578607433
2002-08-16;2.87219744877672
2002-08-19;2.81228658174702
2002-08-20;2.77704489525896
2002-08-21;2.81933491904463
2002-08-22;2.89757146304812
2002-08-23;2.91096330391359
2002-08-26;3.00964002608015
2002-08-27;3.09069590500268
2002-08-28;3.08364756770507
2002-08-29;3.07307506175865
2002-08-30;3.1012684109491
2002-09-02;3.10902158197647
2002-09-03;3.15060677203238
2002-09-04;3.19289679581805
2002-09-05;3.17175178392521
2002-09-06;3.20205963430494
2002-09-09;3.22813848230611
2002-09-10;3.30567019257983
2002-09-11;3.34302638025718
2002-09-12;3.34091187906789
2002-09-13;3.39095507388093
2002-09-16;3.32681520447267
2002-09-17;3.17316145138474
2002-09-18;3.13651009743716
2002-09-19;3.00259168878254
2002-09-20;3.08012339905626
2002-09-23;2.98074184315994
2002-09-24;2.90743913526478
2002-09-25;2.80876241309822
2002-09-26;2.7981899071518
2002-09-27;2.53669659341041
2002-09-30;2.60083646281867
2002-10-01;2.79607540596252
2002-10-02;2.79114156985419
2002-10-03;2.86796844639815
2002-10-04;2.86514911147911
2002-10-07;2.75237571471732
2002-10-08;2.78409323255658
2002-10-09;2.76294822066374
2002-10-10;2.70585668855309
2002-10-11;2.61140896876509
2002-10-14;2.47749056011047
2002-10-15;2.47819539384023
2002-10-16;2.48101472875928
2002-10-17;2.69951318498524
2002-10-18;2.74885154606852
2002-10-21;2.76647238931255
2002-10-22;2.81228658174702
2002-10-23;2.97439833959209
2002-10-24;3.03712854154083
2002-10-25;3.05968322089319
2002-10-28;2.96030166499687
2002-10-29;2.9180116412112
2002-10-30;3.06602672446104
2002-10-31;3.12241342284193
2002-11-01;3.11466025181456
2002-11-04;3.01739319710752
2002-11-05;2.97439833959209
2002-11-06;2.93845181937427
2002-11-07;3.03078503797298
2002-11-08;3.07307506175865
2002-11-11;3.09703940857053
2002-11-12;3.03924304273012
2002-11-13;3.05077990837274
2002-11-14;3.13298007607648
2002-11-18;3.17984859274966
2002-11-19;3.15461169915641
2002-11-20;3.22599605532017
2002-11-21;3.30891727712657
2002-11-22;3.26637508506938
2002-11-25;3.18417491736564
2002-11-26;3.12072215633118
2002-11-27;3.10774318248323
2002-11-28;3.10053264145658
2002-11-29;3.20508548634291
2002-12-02;3.23032237993616
2002-12-03;3.25123294891343
2002-12-04;3.24474346198945
2002-12-05;3.20869075685623
2002-12-06;3.20796970275357
2002-12-09;3.15821696966973
2002-12-10;3.12937480556316
2002-12-11;3.1870591337763
2002-12-12;3.25916454404273
2002-12-13;3.25195400301609
2002-12-16;3.24834873250277
2002-12-17;3.25267505711875
2002-12-18;3.25339611122142
2002-12-19;3.4033753645756
2002-12-20;3.51153347997525
2002-12-23;3.51585980459123
2002-12-26;3.45673336817276
2002-12-27;3.36371738892906
2002-12-30;3.34569103636245
2003-01-02;3.39616482354895
2003-01-03;3.38174374149567
2003-01-06;3.53316510305518
2003-01-07;3.46899128791805
2003-01-08;3.47548077484203
2003-01-09;3.61608632486157
2003-01-10;3.78625509309035
2003-01-13;3.77471822744772
2003-01-14;3.79274458001433
2003-01-15;3.7711129569344
2003-01-16;3.79995512104098
2003-01-17;3.64853375948147
2003-01-20;3.62690213640154
2003-01-21;3.59445470178164
2003-01-22;3.40698063508892
2003-01-23;3.41923855483421
2003-01-24;3.25267505711875
2003-01-27;3.26276981455606
2003-01-28;3.2195065683962
2003-01-29;3.38895428252231
2003-01-30;3.41635433842356
2003-01-31;3.42572804175819
2003-02-03;3.46682812561006
2003-02-04;3.38174374149567
2003-02-05;3.37813847098235
2003-02-06;3.27719089660934
2003-02-07;3.24474346198945
2003-02-10;3.38895428252231
2003-02-11;3.34569103636245
2003-02-12;3.37813847098235
2003-02-13;3.33126995430917
2003-02-14;3.30747516892124
2003-02-17;3.33126995430917
2003-02-18;3.31108043943457
2003-02-19;3.27719089660934
2003-02-20;3.20869075685623
2003-02-21;3.25195400301609
2003-02-24;3.14379588761644
2003-02-25;3.07241153145267
2003-02-26;3.0031903375969
2003-02-27;3.02121669016351
2003-02-28;3.07817996427399
2003-03-05;3.00030612118624
2003-03-06;3.09981158735392
2003-03-07;3.17984859274966
2003-03-10;3.11495372350987
2003-03-11;3.24474346198945
2003-03-12;3.33848049533581
2003-03-13;3.30603306071592
2003-03-14;3.32405941328252
2003-03-17;3.30963833122924
2003-03-18;3.43221752868217
2003-03-19;3.44663861073546
2003-03-20;3.51153347997525
2003-03-21;3.47548077484203
2003-03-24;3.38390690380366
2003-03-25;3.45024388124878
2003-03-26;3.41058590560224
2003-03-27;3.41779644662888
2003-03-28;3.41779644662888
2003-03-31;3.41044634674366
2003-04-01;3.49864754536634
2003-04-02;3.54936323457438
2003-04-03;3.59419884387425
2003-04-04;3.60448898371356
2003-04-07;3.51408275512531
2003-04-08;3.36634574743232
2003-04-09;3.38839604708799
2003-04-10;3.39574614697321
2003-04-11;3.40677129680105
2003-04-14;3.39942119691583
2003-04-15;3.43249664639933
2003-04-16;3.41044634674366
2003-04-17;3.49129744548112
2003-04-22;3.54274814467768
2003-04-23;3.57655860414971
2003-04-24;3.52437289496462
2003-04-25;3.4839473455959
2003-04-28;3.51775780506792
2003-04-29;3.59419884387425
2003-04-30;3.66696483273796
2003-05-02;3.72650064180827
2003-05-05;3.79265154077528
2003-05-06;3.77795134100483
2003-05-07;3.82940204020139
2003-05-08;3.7573710613262
2003-05-09;3.85806742975377
2003-05-12;3.93230343859452
2003-05-13;3.99477928761892
2003-05-14;3.96243884812394
2003-05-15;4.00580443744676
2003-05-16;3.9874291877337
2003-05-19;3.85880243974229
2003-05-20;3.90290303905363
2003-05-21;3.92862838865191
2003-05-22;3.95435373825019
2003-05-23;3.89555293916841
2003-05-26;3.82572699025878
2003-05-27;3.91686822883555
2003-05-28;3.94038854846827
2003-05-29;3.87497265948978
2003-05-30;3.88011772940944
2003-06-02;3.85512738979968
2003-06-03;3.85145233985706
2003-06-04;3.96905393802064
2003-06-05;3.96170383813542
2003-06-06;3.99110423767631
2003-06-09;3.9580287881928
2003-06-10;3.87350263951273
2003-06-11;3.93597848853713
2003-06-12;3.99477928761892
2003-06-13;3.97787405788291
2003-06-16;3.9874291877337
2003-06-17;3.99110423767631
2003-06-18;3.93303844858304
2003-06-20;3.75590104134916
2003-06-23;3.64638455305933
2003-06-24;3.71694551195748
2003-06-25;3.68387006247397
2003-06-26;3.68607509243954
2003-06-27;3.72944068176236
2003-06-30;3.74120084157871
2003-07-01;3.77721633101631
2003-07-02;3.80073665064902
2003-07-03;3.8066167305572
2003-07-04;3.89481792917988
2003-07-07;3.99110423767631
2003-07-08;4.02785473710243
2003-07-10;4.0499050367581
2003-07-11;3.99330926764188
2003-07-14;4.04622998681549
2003-07-15;4.13075613549556
2003-07-16;4.11091086580545
2003-07-17;4.13075613549556
2003-07-18;4.2079321842904
2003-07-21;4.21087222424449
2003-07-22;4.23365753388868
2003-07-23;4.21307725421006
2003-07-24;4.145456335266
2003-07-25;4.11605593572511
2003-07-28;4.15280643515122
2003-07-29;4.17485673480689
2003-07-30;4.1388412453693
2003-07-31;4.15280643515122
2003-08-01;3.95435373825019
2003-08-04;3.94332858842236
2003-08-05;4.0205046372172
2003-08-06;4.00580443744676
2003-08-07;4.13443118543817
2003-08-08;4.24468268371652
2003-08-11;4.26452795340662
2003-08-12;4.28143318314263
2003-08-13;4.27775813320002
2003-08-14;4.37330943170793
2003-08-15;4.28584324307377
2003-08-18;4.33361889232772
2003-08-19;4.23586256385425
2003-08-20;4.23733258383129
2003-08-21;4.26673298337219
2003-08-22;4.25570783354435
2003-08-25;4.19837705443961
2003-08-26;4.24174264376243
2003-08-27;4.35493418199487
2003-08-28;4.35493418199487
2003-08-29;4.46886073021583
2003-09-01;4.41741003101927
2003-09-02;4.41005993113404
2003-09-03;4.52398647935501
2003-09-04;4.68127861689879
2003-09-05;4.76433474560181
2003-09-08;4.75551462573954
2003-09-09;4.63350296764484
2003-09-10;4.7114140264282
2003-09-11;4.73346432608387
2003-09-12;4.72611422619865
2003-09-15;4.62321282780552
2003-09-16;4.64893817740381
2003-09-17;4.63056292769075
2003-09-18;4.63791302757597
2003-09-19;4.6158627279203
2003-09-22;4.53427661919432
2003-09-23;4.46518568027322
2003-09-24;4.50634623963047
2003-09-25;4.4284351808471
2003-09-26;4.43578528073233
2003-09-29;4.48356092998628
2003-09-30;4.457835580388
2003-10-01;4.59381242826463
2003-10-02;4.75257458578546
2003-10-03;4.836365724477
2003-10-06;4.8657661240179
2003-10-07;4.85106592424745
2003-10-08;4.89516652355879
2003-10-09;4.91721682321446
2003-10-10;4.88855143366209
2003-10-13;5.01938321161907
2003-10-14;4.92824197304229
2003-10-15;4.84371582436223
2003-10-16;4.81872548475247
2003-10-17;4.74816452585432
2003-10-20;4.75477961575102
2003-10-21;4.75771965570511
2003-10-22;4.68201362688731
2003-10-23;4.60851262803508
2003-10-24;4.67098847705948
2003-10-27;4.69671382665776
2003-10-28;4.76653977556738
2003-10-29;4.72611422619865
2003-10-30;4.66804843710539
2003-10-31;4.63056292769075
2003-11-03;4.77021482550999
2003-11-04;4.75110456580841
2003-11-05;4.64158807751858
2003-11-06;4.79226512516566
2003-11-07;4.79961522505089
2003-11-10;4.74963454583137
2003-11-11;4.81064037487872
2003-11-12;4.90251662344401
2003-11-13;4.94367718280126
2003-11-14;5.04951862114848
2003-11-17;4.95029227269796
2003-11-18;5.02746832149281
2003-11-19;5.05319367109109
2003-11-20;5.06127878096484
2003-11-21;5.04584357120587
2003-11-24;5.04584357120587
2003-11-25;5.10978944020731
2003-11-26;5.01854320020361
2003-11-27;5.06796824687228
2003-11-28;5.08545710953966
2003-12-01;5.17822412021009
2003-12-02;5.22004531354512
2003-12-03;5.17062026687645
2003-12-04;5.19191105621064
2003-12-05;5.2162433868783
2003-12-08;5.22764916687876
2003-12-09;5.42534935355345
2003-12-10;5.41014164688617
2003-12-11;5.553854474892
2003-12-12;5.49454441888959
2003-12-15;5.45044206955447
2003-12-16;5.50214827222323
2003-12-17;5.6344553202286
2003-12-18;5.73786772556613
2003-12-19;5.75611697356687
2003-12-22;5.89222594823906
2003-12-23;5.77132468023415
2003-12-26;5.69680691756446
2003-12-29;5.81238548823582
2003-12-30;5.80934394690236
2004-01-02;6.02225184024433
2004-01-05;6.37507063492531
2004-01-06;6.7065986402721
2004-01-07;6.63588280426923
2004-01-08;6.59634276693429
2004-01-09;6.52410616026469
2004-01-12;6.53171001359834
2004-01-13;6.60014469360111
2004-01-14;6.40016335092633
2004-01-15;6.27317900025451
2004-01-16;6.38723680025914
2004-01-19;6.5514800322658
2004-01-20;6.68378708027117
2004-01-21;6.56288581226627
2004-01-22;6.45034878292837
2004-01-23;6.47163957226256
2004-01-26;6.60014469360111
2004-01-27;6.5621254269329
2004-01-28;6.53931386693198
2004-01-29;6.15912120024989
2004-01-30;5.95305677490819
2004-02-02;5.9614210135752
2004-02-03;6.08308266691347
2004-02-04;5.95305677490819
2004-02-05;5.91579789357335
2004-02-06;6.20626509091846
2004-02-09;6.19714046691809
2004-02-10;6.3796329469255
2004-02-11;6.62903933626895
2004-02-12;6.62675818026886
2004-02-13;6.52334577493133
2004-02-16;6.41232951626016
2004-02-17;6.48608689359648
2004-02-18;6.44046377359463
2004-02-19;6.14695503491606
2004-02-20;6.15151734691624
2004-02-25;6.25797129358723
2004-02-26;6.16824582425026
2004-02-27;6.2351597335863
2004-03-01;6.47848304026284
2004-03-02;6.46479610426229
2004-03-03;6.53931386693198
2004-03-04;6.45947340692874
2004-03-05;6.51498153626432
2004-03-08;6.5621254269329
2004-03-09;6.56972928026654
2004-03-10;6.2883867069218
2004-03-11;6.18193276025081
2004-03-12;6.34693637759084
2004-03-15;6.1439134935826
2004-03-16;6.17508929225053
2004-03-17;6.28458478025498
2004-03-18;6.53171001359834
2004-03-19;6.37126870825849
2004-03-22;6.29599056025544
2004-03-23;6.21995202691902
2004-03-24;6.2055047055851
2004-03-25;6.24276358691995
2004-03-26;6.28762632158843
2004-03-29;6.28458478025498
2004-03-30;6.42664419052118
2004-03-31;6.60113020530467
2004-04-01;6.58105659298445
2004-04-02;6.67833640653631
2004-04-05;6.59263752316919
2004-04-06;6.62429206567416
2004-04-07;6.59340958518151
2004-04-08;6.7161674451398
2004-04-12;6.83274880899957
2004-04-13;6.75477054575562
2004-04-14;6.63664505787122
2004-04-15;6.56252710468886
2004-04-16;6.53550493425778
2004-04-19;6.47760028333406
2004-04-20;6.26914354000865
2004-04-22;6.24598167963916
2004-04-23;6.313923136723
2004-04-26;6.19193733877702
2004-04-27;6.26914354000865
2004-04-28;6.10237814534832
2004-04-29;5.79046509237252
2004-04-30;5.76730323200303
2004-05-03;5.82134757286517
2004-05-04;6.02980431619058
2004-05-05;6.13789299791487
2004-05-06;5.72947219339953
2004-05-07;5.52796400818496
2004-05-10;5.31950726485956
2004-05-11;5.73719281352269
2004-05-12;5.72175157327637
2004-05-13;5.80590633261885
2004-05-14;5.65149393015558
2004-05-17;5.45461811701491
2004-05-18;5.49708152769231
2004-05-19;5.50248596177853
2004-05-20;5.33494850510588
2004-05-21;5.18902878477809
2004-05-24;5.51252276793864
2004-05-25;5.44303718683017
2004-05-26;5.43068419463311
2004-05-27;5.57351566691163
2004-05-28;5.48164028744599
2004-05-31;5.54186112440666
2004-06-01;5.69781765089456
2004-06-02;5.6900970307714
2004-06-03;5.61289082953976
2004-06-04;5.61983938765061
2004-06-07;5.74877374370744
2004-06-08;5.65921455027874
2004-06-09;5.58972896917027
2004-06-11;5.58972896917027
2004-06-14;5.6051702094166
2004-06-15;5.76344292194145
2004-06-16;5.78660478231094
2004-06-17;5.81285489072969
2004-06-18;5.78274447224936
2004-06-21;5.70939858107931
2004-06-22;5.77425179011388
2004-06-23;5.99892183569793
2004-06-24;5.99120121557477
2004-06-25;5.87539191372732
2004-06-28;5.79046509237252
2004-06-29;5.84064912317308
2004-06-30;5.96881141721759
2004-07-01;5.93715687471262
2004-07-02;5.92943625458946
2004-07-05;5.89546552604754
2004-07-06;5.82443582091444
2004-07-07;5.73642075151038
2004-07-08;5.72097951126405
2004-07-12;5.76730323200303
2004-07-13;5.73642075151038
2004-07-14;5.72483982132563
2004-07-15;5.91399501434313
2004-07-16;6.05142205253544
2004-07-19;5.97498791331612
2004-07-20;5.92943625458946
2004-07-21;5.89469346403522
2004-07-22;5.79123715438484
2004-07-23;5.77502385212619
2004-07-26;5.71325889114089
2004-07-27;5.84450943323466
2004-07-28;5.95259811495895
2004-07-29;6.05528236259702
2004-07-30;6.02980431619058
2004-08-02;6.01745132399352
2004-08-03;5.99892183569793
2004-08-04;6.0684074168064
2004-08-05;5.95568636300822
2004-08-06;6.03752493631375
2004-08-09;6.02980431619058
2004-08-10;6.14561361803803
2004-08-11;6.15719454822278
2004-08-12;6.20660651701103
2004-08-13;6.13789299791487
2004-08-16;6.17263578846911
2004-08-17;6.16877547840752
2004-08-18;6.23440074945441
2004-08-19;6.33090850099396
2004-08-20;6.53550493425778
2004-08-23;6.47914440735869
2004-08-24;6.45829873302615
2004-08-25;6.50462245376513
2004-08-26;6.37877634575757
2004-08-27;6.38726902789305
2004-08-30;6.33090850099396
2004-08-31;6.33090850099396
2004-09-01;6.33708499709249
2004-09-02;6.43127656259508
2004-09-03;6.42355594247192
2004-09-06;6.42896037655813
2004-09-08;6.50462245376513
2004-09-09;6.52932843815925
2004-09-10;6.48609296546954
2004-09-13;6.48532090345722
2004-09-14;6.57796834493518
2004-09-15;6.57565215889823
2004-09-16;6.65517454616682
2004-09-17;6.73855724349698
2004-09-20;6.76480735191574
2004-09-21;6.86749159955381
2004-09-22;6.83043262296262
2004-09-23;7.02422018805402
2004-09-24;7.11377938148272
2004-09-27;7.17631640448034
2004-09-28;7.2450299235765
2004-09-29;7.2311328073548
2004-09-30;7.2450299235765
2004-10-01;7.45928601113024
2004-10-04;7.49896306438093
2004-10-05;7.64973586673356
2004-10-06;7.66243252377378
2004-10-07;7.7092514466096
2004-10-08;7.68147750933412
2004-10-11;7.59022028685752
2004-10-13;7.29264238747733
2004-10-14;7.24106221825143
2004-10-15;7.38151898675888
2004-10-18;7.53070470698148
2004-10-19;7.34025485137816
2004-10-20;7.3712029529137
2004-10-21;7.48388578414567
2004-10-22;7.52276929633134
2004-10-25;7.5314982480465
2004-10-26;7.43151207385475
2004-10-27;7.48229870201564
2004-10-28;7.37913836356384
2004-10-29;7.41564125255448
2004-11-01;7.44976351835007
2004-11-03;7.43151207385475
2004-11-04;7.47515683243051
2004-11-05;7.60212340283273
2004-11-08;7.50689847503107
2004-11-09;7.44738289515503
2004-11-10;7.5545109389319
2004-11-11;7.58228487620738
2004-11-12;7.60212340283273
2004-11-16;7.2450299235765
2004-11-17;7.30375196238752
2004-11-18;7.21328828097594
2004-11-19;7.18154663837539
2004-11-22;7.27597802511204
2004-11-23;7.14980499577483
2004-11-24;7.11012794252414
2004-11-25;7.49102765373079
2004-11-26;7.44500227195999
2004-11-29;7.32041632475281
2004-11-30;7.37199649397871
2004-12-01;7.59418799218259
2004-12-02;7.4513506004801
2004-12-03;7.40453167764428
2004-12-06;7.47118912710545
2004-12-07;7.37199649397871
2004-12-08;7.37517065823877
2004-12-09;7.17440476879026
2004-12-10;7.29264238747733
2004-12-13;7.34025485137816
2004-12-14;7.40294459551425
2004-12-15;7.44341518982996
2004-12-16;7.58625258153245
2004-12-17;7.51642096781123
2004-12-20;7.50689847503107
2004-12-21;7.67750980400905
2004-12-22;7.56244634958204
2004-12-23;7.66957439335891
2004-12-27;7.67830334507406
2004-12-28;7.68941291998426
2004-12-29;7.76717994435561
2004-12-30;7.7092514466096
2005-01-03;7.47515683243051
2005-01-04;7.38628023314896
2005-01-05;7.35771275480846
2005-01-06;7.37993190462885
2005-01-07;7.41246708829442
2005-01-10;7.31644861942774
2005-01-11;7.39580272592913
2005-01-12;7.35612567267844
2005-01-13;7.4283379095947
2005-01-14;7.46722142178038
2005-01-17;7.41960895787954
2005-01-18;7.34025485137816
2005-01-19;7.38389960995392
2005-01-20;7.21725598630101
2005-01-21;7.22915910227622
2005-01-24;7.32359048901287
2005-01-26;7.47515683243051
2005-01-27;7.45928601113024
2005-01-28;7.36406108332857
2005-01-31;7.48309224308065
2005-02-01;7.44341518982996
2005-02-02;7.5545109389319
2005-02-03;7.63386504543329
2005-02-04;7.72115456258481
2005-02-09;8.06317076160578
2005-02-10;8.02666787261514
2005-02-11;8.15680860727742
2005-02-14;8.08221574716611
2005-02-15;8.01873246196501
2005-02-16;8.13379591639201
2005-02-17;8.14966673769229
2005-02-18;8.14966673769229
2005-02-21;8.25282707614409
2005-02-22;8.3163103613452
2005-02-23;8.49088939564825
2005-02-24;8.77656417905324
2005-02-25;8.97098173998163
2005-02-28;8.82655726614911
2005-03-01;8.46390899943778
2005-03-02;8.70514548320199
2005-03-03;9.00669108790725
2005-03-04;9.14952847960975
2005-03-07;9.18523782753537
2005-03-08;9.0781097837585
2005-03-09;8.91940157075573
2005-03-10;8.68133925125157
2005-03-11;8.53850185954908
2005-03-14;8.47501857434797
2005-03-15;8.25282707614409
2005-03-16;8.42740611044714
2005-03-17;8.51390208653365
2005-03-18;8.41153528914686
2005-03-21;8.38772905719645
2005-03-22;8.15839568940744
2005-03-23;8.03857098859035
2005-03-24;8.14173132704215
2005-03-28;7.99492623001459
2005-03-29;7.87192736493744
2005-03-30;8.04650639924049
2005-03-31;8.18537608561791
2005-04-01;8.24489166549395
2005-04-04;8.24489166549395
2005-04-05;8.03936452965536
2005-04-06;8.03063557794021
2005-04-07;8.04968056350054
2005-04-08;7.93541065013855
2005-04-11;7.97508770338924
2005-04-12;7.93541065013855
2005-04-13;7.77670243713578
2005-04-14;7.56800113703714
2005-04-15;7.44341518982996
2005-04-18;7.3712029529137
2005-04-19;7.61720068306799
2005-04-20;7.51880159100628
2005-04-22;7.38786731527899
2005-04-25;7.60926527241786
2005-04-26;7.68941291998426
2005-04-27;7.47515683243051
2005-04-28;7.29264238747733
2005-04-29;7.49896306438093
2005-05-02;7.47515683243051
2005-05-03;7.44500227195999
2005-05-04;7.55689156212694
2005-05-05;7.69734833063439
2005-05-06;7.83463093488179
2005-05-09;7.84812113298703
2005-05-10;7.67354209868398
2005-05-11;7.68941291998426
2005-05-12;7.53864011763162
2005-05-13;7.34025485137816
2005-05-16;7.44024102556991
2005-05-17;7.62989734010822
2005-05-18;7.70528374128453
2005-05-19;7.77749597820079
2005-05-20;7.79257325843606
2005-05-23;7.62989734010822
2005-05-24;7.76876702648564
2005-05-25;7.82828260636168
2005-05-27;7.99889393533966
2005-05-30;8.03857098859035
2005-05-31;7.97905540871431
2005-06-01;8.22108543354354
2005-06-02;8.26076248679423
2005-06-03;8.25123999401406
2005-06-06;8.1615698536675
2005-06-07;7.95128147143883
2005-06-08;7.95921688208897
2005-06-09;8.03063557794021
2005-06-10;8.07031263119091
2005-06-13;8.02746141368016
2005-06-14;8.17347296964271
2005-06-15;8.24885937081902
2005-06-16;8.37185823589617
2005-06-17;8.54643727019922
2005-06-20;8.67340384060143
2005-06-21;8.64086865693587
2005-06-22;8.72895171515241
2005-06-23;8.5853207823849
2005-06-24;8.45121234239756
2005-06-27;8.79243500035351
2005-06-28;8.68927466190171
2005-06-29;8.61864950711548
2005-06-30;8.51469562759866
2005-07-01;8.61744546258091
2005-07-04;8.61027686944261
2005-07-05;8.70585811128657
2005-07-06;8.67479420768728
2005-07-07;8.49080031713767
2005-07-08;8.6429337937393
2005-07-11;8.60151525560692
2005-07-12;8.76161383569554
2005-07-13;8.74727664941894
2005-07-14;8.60231176595562
2005-07-15;8.34742845437175
2005-07-18;8.29167272996278
2005-07-19;8.32353314391076
2005-07-20;8.36335866134574
2005-07-21;8.47088755842018
2005-07-22;8.59434666246862
2005-07-25;8.41114928226772
2005-07-26;8.4390271444722
2005-07-27;8.65488144896979
2005-07-28;8.79347424964352
2005-07-29;8.68036978012818
2005-08-01;8.86038111893429
2005-08-02;9.05791568541179
2005-08-03;9.11207838912336
2005-08-04;9.01649714727941
2005-08-05;9.09614818214937
2005-08-08;9.26739790711978
2005-08-09;9.4155488319779
2005-08-10;9.46254294255118
2005-08-11;9.57405439136912
2005-08-12;9.74928666808303
2005-08-15;9.79628077865631
2005-08-16;9.6218450122911
2005-08-17;9.40678721814221
2005-08-18;9.41076976988571
2005-08-19;9.54219397742114
2005-08-22;9.73335646110904
2005-08-23;9.58281600520482
2005-08-24;9.85283301341398
2005-08-25;9.89265853084896
2005-08-26;9.70229255750976
2005-08-29;9.91655384130995
2005-08-30;10.1116988767414
2005-08-31;10.3546345330947
2005-09-01;10.2877482442005
2005-09-02;10.2240470166823
2005-09-05;10.3482644103429
2005-09-06;10.4247058833648
2005-09-08;10.418335760613
2005-09-09;10.7814327574671
2005-09-12;10.8292086781058
2005-09-13;10.7177315299489
2005-09-14;10.8865397828723
2005-09-15;10.9311306421351
2005-09-16;11.0744584040512
2005-09-19;11.3547438051316
2005-09-20;11.3611139278834
2005-09-21;11.7879121522558
2005-09-22;11.4789611987922
2005-09-23;11.3961496030184
2005-09-26;11.2114160432155
2005-09-27;11.4598508305367
2005-09-28;11.5999935310769
2005-09-29;11.3197081299965
2005-09-30;11.3547438051316
2005-10-03;11.4662209532885
2005-10-04;11.0203123606606
2005-10-05;10.4310760061166
2005-10-06;10.0329433341275
2005-10-07;10.0966445616457
2005-10-10;10.0329433341275
2005-10-11;10.2240470166823
2005-10-13;10.0010927203683
2005-10-14;9.93102137009823
2005-10-17;10.2367872621859
2005-10-18;9.68258658277698
2005-10-19;9.87369026533179
2005-10-20;9.38319081344111
2005-10-21;9.73991768754342
2005-10-24;10.2781930600728
2005-10-25;10.2304171394341
2005-10-26;10.1921964029231
2005-10-27;9.89280063358727
2005-10-28;9.92146618597049
2005-10-31;10.2590826918173
2005-11-01;10.4215208219889
2005-11-03;10.7018062230693
2005-11-04;10.3992253923575
2005-11-07;10.3036735510801
2005-11-08;10.4788519267554
2005-11-09;10.4597415584999
2005-11-10;10.125310114029
2005-11-11;9.82591434469309
2005-11-14;9.90235581771501
2005-11-16;10.1921964029231
2005-11-17;10.3546345330947
2005-11-18;10.4151506992371
2005-11-21;10.5234427860181
2005-11-22;10.8929099056241
2005-11-23;11.0043870537811
2005-11-24;10.9088352125037
2005-11-25;10.9152053352555
2005-11-28;10.5138876018904
2005-11-29;10.7177315299489
2005-11-30;10.9088352125037
2005-12-01;11.1477148156972
2005-12-02;11.3324483755002
2005-12-05;11.3037828231169
2005-12-06;11.4343703395294
2005-12-07;11.3483736823797
2005-12-08;11.4471105850331
2005-12-09;11.4980715670477
2005-12-12;11.55858773319
2005-12-13;11.6382142675879
2005-12-14;11.7369511702412
2005-12-15;11.5617727945659
2005-12-16;11.5617727945659
2005-12-19;11.55858773319
2005-12-20;11.5617727945659
2005-12-21;11.7242109247375
2005-12-22;11.7528764771207
2005-12-23;11.6732499427229
2005-12-26;11.6382142675879
2005-12-27;11.5617727945659
2005-12-28;11.7528764771207
2005-12-29;11.8516133797741
2006-01-02;12.260400696241
2006-01-03;12.6466564283358
2006-01-04;12.7078135859174
2006-01-05;12.6820632037778
2006-01-06;13.148788880059
2006-01-09;13.1455700822915
2006-01-10;13.1681016666637
2006-01-11;13.6155145563401
2006-01-12;13.7281724782011
2006-01-13;13.7120784893638
2006-01-16;13.9856762995976
2006-01-17;13.7764544447129
2006-01-18;13.6412649384798
2006-01-19;14.066146243784
2006-01-20;14.2431801209941
2006-01-23;14.3880260205296
2006-01-24;14.6616238307634
2006-01-26;14.6455298419261
2006-01-27;14.4813711557859
2006-01-30;14.912690056625
2006-01-31;15.1283495070446
2006-02-01;15.0478795628582
2006-02-02;14.3880260205296
2006-02-03;14.2238673343894
2006-02-06;14.5972478754143
2006-02-07;13.9631447152254
2006-02-08;13.6895469049916
2006-02-09;13.5833265786656
2006-02-10;13.3129475661992
2006-02-13;13.1326948912217
2006-02-14;13.1648828688962
2006-02-15;13.2453528130826
2006-02-16;13.8794559732715
2006-02-17;14.1627101768077
2006-02-20;14.3912448182971
2006-02-21;14.1820229634124
2006-02-22;14.0178642772722
2006-02-23;14.1594913790402
2006-02-24;14.4041200093669
2006-03-01;14.5264343245302
2006-03-02;14.5489659089024
2006-03-03;14.6455298419261
2006-03-06;14.2431801209941
2006-03-07;13.6316085451774
2006-03-08;13.5447010054561
2006-03-09;13.1648828688962
2006-03-10;13.2646655996874
2006-03-13;13.4159490947578
2006-03-14;14.0082078839698
2006-03-15;14.1852417611799
2006-03-16;14.066146243784
2006-03-17;13.7764544447129
2006-03-20;13.9856762995976
2006-03-21;13.7667980514106
2006-03-22;13.5414822076886
2006-03-23;13.6477025340147
2006-03-24;13.663796522852
2006-03-27;13.7120784893638
2006-03-28;13.4288242858276
2006-03-29;13.8118612201549
2006-03-30;13.8891123665739
2006-03-31;13.8858935688064
2006-04-03;14.2431801209941
2006-04-04;14.0229080609014
2006-04-05;14.2852909560118
2006-04-06;14.3824698060527
2006-04-07;14.197829990975
2006-04-10;14.2205050559846
2006-04-11;14.0747367809232
2006-04-12;14.0585403059164
2006-04-13;14.0423438309096
2006-04-17;14.2626158910023
2006-04-18;14.9363892512858
2006-04-19;15.1242683613649
2006-04-20;15.0011751513131
2006-04-24;14.9007570062708
2006-04-25;14.8975177112695
2006-04-26;15.0141323313185
2006-04-27;14.706399306189
2006-04-28;14.9752607913022
2006-05-02;15.240882981414
2006-05-03;15.2084900314003
2006-05-04;15.062721756339
2006-05-05;15.3801726664726
2006-05-08;15.4060870264835
2006-05-09;15.5972054315639
2006-05-10;15.535658826538
2006-05-11;15.3413011264562
2006-05-12;15.1922935563935
2006-05-15;14.8035781562299
2006-05-16;14.9007570062708
2006-05-17;14.4634521810868
2006-05-18;14.0876939609287
2006-05-19;14.0196687659
2006-05-22;13.9257292108605
2006-05-23;13.7670037557937
2006-05-24;13.8965755558482
2006-05-25;14.0682581909205
2006-05-26;14.5768275061345
2006-05-29;14.4958451311004
2006-05-30;14.1233262059436
2006-05-31;14.2528980059982
2006-06-01;14.3144446110241
2006-06-02;14.4731700660909
2006-06-05;13.9322078008632
2006-06-06;13.7832002308005
2006-06-07;13.1353412305279
2006-06-08;13.0511195604924
2006-06-09;12.7563437153684
2006-06-12;12.3093210051802
2006-06-13;11.8234267549758
2006-06-14;12.3417139551939
2006-06-16;13.0543588554938
2006-06-19;12.7369079453602
2006-06-20;12.7304293553575
2006-06-21;13.0932303955102
2006-06-22;13.073794625502
2006-06-23;13.297305980596
2006-06-26;13.2940666855947
2006-06-27;13.1547770005361
2006-06-28;13.4106813056437
2006-06-29;13.9289685058619
2006-06-30;13.9872758158864
2006-07-03;14.1233262059436
2006-07-04;14.0617796009178
2006-07-05;13.8641826058346
2006-07-06;13.9775579308823
2006-07-07;13.8641826058346
2006-07-10;13.8058752958101
2006-07-11;14.1848728109695
2006-07-12;14.1913514009723
2006-07-13;14.1233262059436
2006-07-14;14.3306410860309
2006-07-17;13.7022178557664
2006-07-18;13.7184143307733
2006-07-19;14.1395226809505
2006-07-20;13.7184143307733
2006-07-21;13.6050390057255
2006-07-24;14.1136083209396
2006-07-25;14.2528980059982
2006-07-26;14.3209232010268
2006-07-27;14.4926058360991
2006-07-28;14.6092204561481
2006-07-31;14.5444345561209
2006-08-01;14.5800668011359
2006-08-02;14.8035781562299
2006-08-03;14.8748426462599
2006-08-04;14.8003388612286
2006-08-07;14.9817393813049
2006-08-08;14.9655429062981
2006-08-09;14.8521675812504
2006-08-10;14.813296041234
2006-08-11;14.706399306189
2006-08-14;14.3533161510404
2006-08-15;14.6416134061618
2006-08-16;14.670767061174
2006-08-17;14.3662733310459
2006-08-18;14.5411952611195
2006-08-21;14.3662733310459
2006-08-22;14.3338803810323
2006-08-23;13.8803790808414
2006-08-24;14.0261473559028
2006-08-25;14.2205050559846
2006-08-28;14.1395226809505
2006-08-29;13.9775579308823
2006-08-30;13.9613614558755
2006-08-31;13.9289685058619
2006-09-01;14.2140264659818
2006-09-04;14.3079660210214
2006-09-05;14.126565500945
2006-09-06;13.7216536257746
2006-09-08;13.3458954056165
2006-09-11;12.8146510253929
2006-09-12;12.8276082053984
2006-09-13;13.1871699505497
2006-09-14;12.8049331403888
2006-09-15;12.7142328803507
2006-09-18;13.1677341805415
2006-09-19;12.895633400427
2006-09-20;12.5263537702716
2006-09-21;12.5231144752702
2006-09-22;12.3546711351993
2006-09-25;12.4064998552211
2006-09-26;12.6656434553302
2006-09-27;12.9895729554665
2006-09-28;13.1515377055347
2006-09-29;13.1482984105333
2006-10-02;13.1223840505224
2006-10-03;12.5684646052893
2006-10-04;12.9928122504679
2006-10-05;12.9895729554665
2006-10-06;13.0219659054801
2006-10-09;13.2325200805688
2006-10-10;13.3135024556028
2006-10-11;13.1774520655456
2006-10-13;13.4916636806778
2006-10-16;13.6374319557392
2006-10-17;13.3912455356356
2006-10-18;13.2778702105879
2006-10-19;13.5370138106969
2006-10-20;13.3135024556028
2006-10-23;13.2551951455783
2006-10-24;13.5726460557119
2006-10-25;14.0261473559028
2006-10-26;14.0261473559028
2006-10-27;13.94840427587
2006-10-30;13.7670037557937
2006-10-31;13.9289685058619
2006-11-01;13.9453941762697
2006-11-03;14.1917792323876
2006-11-06;14.487441299729
2006-11-07;14.3823170091187
2006-11-08;14.6714088082969
2006-11-09;14.6845493446232
2006-11-10;14.8980830599254
2006-11-13;14.487441299729
2006-11-14;14.6352723333997
2006-11-16;14.3888872772818
2006-11-17;14.2903332548347
2006-11-21;14.5958507244208
2006-11-22;14.6024209925839
2006-11-23;14.5202926405447
2006-11-24;14.5531439813604
2006-11-27;14.4315940203422
2006-11-28;14.5071521042184
2006-11-29;14.9802114119646
2006-11-30;15.0557694958408
2006-12-01;14.8816573895175
2006-12-04;15.1576086523695
2006-12-05;15.3251504905296
2006-12-06;15.3087248201218
2006-12-07;15.3612869654269
2006-12-08;15.4959774627713
2006-12-11;15.4729815242003
2006-12-12;15.4007085744058
2006-12-13;15.3744275017532
2006-12-14;15.5124031331792
2006-12-15;15.5222585354239
2006-12-18;15.5715355466475
2006-12-19;15.6865152395024
2006-12-20;15.9164746252124
2006-12-21;15.8671976139889
2006-12-22;15.8244908709284
2006-12-26;15.9591813682729
2006-12-27;16.2614137037774
2006-12-28;16.3599677262245
2007-01-02;16.5735014415267
2007-01-03;15.9986029772517
2007-01-04;15.6536638986867
2007-01-05;15.1740343227773
2007-01-08;15.3054396860402
2007-01-09;14.9539303393121
2007-01-10;14.8652317191096
2007-01-11;14.8520911827834
2007-01-12;14.8323803782939
2007-01-15;14.7469668921731
2007-01-16;14.5202926405447
2007-01-17;14.4743007634027
2007-01-18;14.2410562436111
2007-01-19;14.8422357805386
2007-01-22;14.8652317191096
2007-01-23;15.3415761609375
2007-01-24;15.4729815242003
2007-01-26;15.275873479306
2007-01-29;14.8718019872728
2007-01-30;15.2134559317562
2007-01-31;15.3974234403242
2007-02-01;15.3547166972638
2007-02-02;15.5386842058317
2007-02-05;15.4401301833846
2007-02-06;15.1970302613483
2007-02-07;14.7535371603362
2007-02-08;14.9802114119646
2007-02-09;14.7174006854389
2007-02-12;14.5367183109525
2007-02-13;14.8028141715598
2007-02-14;14.7009750150311
2007-02-15;14.533433176871
2007-02-16;14.5629993836051
2007-02-21;14.5531439813604
2007-02-22;14.7995290374782
2007-02-23;14.9243641325779
2007-02-26;14.9834965460462
2007-02-27;13.9946711874933
2007-02-28;14.0866549417773
2007-03-01;13.912542835454
2007-03-02;13.4887605389313
2007-03-05;13.1963836056715
2007-03-06;13.6990091201519
2007-03-07;13.5511780864812
2007-03-08;13.912542835454
2007-03-09;13.9651049807591
2007-03-12;13.7647118017833
2007-03-13;13.544607818318
2007-03-14;13.5840294272969
2007-03-15;13.452624064034
2007-03-16;13.2128092760793
2007-03-19;13.5019010752576
2007-03-20;13.82055908117
2007-03-21;14.2246305732033
2007-03-22;14.4217386180975
2007-03-23;14.4808710315658
2007-03-26;14.6516980038075
2007-03-27;14.5071521042184
2007-03-28;14.4545899589132
2007-03-29;15.1444681160432
2007-03-30;15.1576086523695
2007-04-02;15.1181870433906
2007-04-03;14.9275664241479
2007-04-04;15.1181870433906
2007-04-05;15.1839182914054
2007-04-09;15.137906417795
2007-04-10;15.3646792234459
2007-04-11;15.1477661049973
2007-04-12;15.3482464114422
2007-04-13;15.6801892139167
2007-04-16;15.989126079586
2007-04-17;15.6933354635196
2007-04-18;15.538867030685
2007-04-19;15.2989479754312
2007-04-20;15.4468432834643
2007-04-23;15.3252404746371
2007-04-24;15.289088288229
2007-04-25;15.6111714035012
2007-04-26;15.2627957890231
2007-04-27;15.151052667398
2007-04-30;14.8552620513317
2007-05-02;14.9900111097619
2007-05-03;15.1839182914054
2007-05-04;15.1247601681921
2007-05-07;14.7961039281184
2007-05-08;14.8223964273243
2007-05-09;14.8519754889309
2007-05-10;14.5791908096697
2007-05-11;14.8651217385339
2007-05-14;14.9045604873427
2007-05-15;14.8289695521258
2007-05-16;15.1181870433906
2007-05-17;15.1346198553943
2007-05-18;15.2825151634275
2007-05-21;15.4304104714606
2007-05-22;15.413977659457
2007-05-23;15.5125745314791
2007-05-24;15.1543392297987
2007-05-25;15.3482464114422
2007-05-28;15.3975448474533
2007-05-29;15.1346198553943
2007-05-30;15.3482464114422
2007-05-31;15.0984676689862
2007-06-01;15.4797089074717
2007-06-04;15.6703295267145
2007-06-05;15.7722129611373
2007-06-06;15.4172642218577
2007-06-08;15.5783057794938
2007-06-11;15.775499523538
2007-06-12;15.8149382723469
2007-06-13;16.163313886825
2007-06-14;16.4328120036855
2007-06-15;16.6793041837407
2007-06-18;16.7483219941562
2007-06-19;16.9718082374064
2007-06-20;16.6924504333437
2007-06-21;16.8600651157813
2007-06-22;16.863351678182
2007-06-25;16.8271994917739
2007-06-26;16.6661579341378
2007-06-27;16.8304860541747
2007-06-28;16.8271994917739
2007-06-29;16.9718082374064
2007-07-02;17.3530494758919
2007-07-03;17.6488400919582
2007-07-04;17.7310041519766
2007-07-05;17.826314461598
2007-07-06;17.9906425816348
2007-07-10;17.6981385279693
2007-07-11;17.8361741488002
2007-07-12;18.2404213240909
2007-07-13;18.3521644457159
2007-07-16;18.1779766384769
2007-07-17;18.5033463161498
2007-07-18;18.4573344425395
2007-07-19;18.7235459969992
2007-07-20;18.5953700633705
2007-07-23;18.8977338042383
2007-07-24;17.8361741488002
2007-07-25;18.0925260160577
2007-07-26;17.2544526038697
2007-07-27;16.7811876181636
2007-07-30;17.5469566575353
2007-07-31;17.3234704142852
2007-08-01;17.2150138550609
2007-08-02;17.3366166638882
2007-08-03;16.5971401237223
2007-08-06;16.6102863733253
2007-08-07;16.6793041837407
2007-08-08;17.3037510398808
2007-08-09;16.6300057477297
2007-08-10;16.2684838836486
2007-08-13;16.4032329420788
2007-08-14;16.2487645092442
2007-08-15;15.9201082691705
2007-08-16;15.4468432834643
2007-08-17;15.2496495394201
2007-08-20;15.2069242282105
2007-08-21;15.1740586042032
2007-08-22;16.0187051411926
2007-08-23;16.0712901396044
2007-08-24;16.350647943667
2007-08-27;16.288203258053
2007-08-28;15.9562604555786
2007-08-29;16.301349507656
2007-08-30;16.5281223133068
2007-08-31;17.1558557318476
2007-09-03;17.2347332294653
2007-09-04;17.6554132167597
2007-09-05;17.5798222815427
2007-09-06;17.7737294631862
2007-09-10;17.3530494758919
2007-09-11;17.8460338360024
2007-09-12;17.9807828944326
2007-09-13;18.1911228880798
2007-09-14;17.8460338360024
2007-09-17;17.9084785216164
2007-09-18;18.6841072481904
2007-09-19;18.6380953745801
2007-09-20;18.6676744361867
2007-09-21;19.226390044312
2007-09-24;19.7193744044226
2007-09-25;19.426870350757
2007-09-26;19.6700759684115
2007-09-27;19.8344040884484
2007-09-28;19.4564494123636
2007-10-01;19.8344040884484
2007-10-02;19.9527203348749
2007-10-03;19.2921212923267
2007-10-04;19.4564494123636
2007-10-05;20.2616572005442
2007-10-08;20.5507771245145
2007-10-09;20.9827954017116
2007-10-10;21.6507621226087
2007-10-11;21.5145102044158
2007-10-15;22.2987895384044
2007-10-16;22.1027197049072
2007-10-17;22.445011109148
2007-10-18;22.2655573632354
2007-10-19;20.936270356475
2007-10-22;20.8066648733159
2007-10-23;21.4314297664933
2007-10-24;22.3320217135734
2007-10-25;22.6311112900944
2007-10-26;23.6280765451647
2007-10-29;24.2029931755885
2007-10-30;23.2691690533394
2007-10-31;23.9338125567196
2007-11-01;23.7443891582562
2007-11-05;22.6311112900944
2007-11-06;23.2625226183056
2007-11-07;23.3456030562281
2007-11-08;26.6522044855444
2007-11-09;27.134071025495
2007-11-12;25.3694425240207
2007-11-13;25.8214001063192
2007-11-14;26.296620211236
2007-11-16;26.1869540331783
2007-11-19;25.6884714056432
2007-11-21;25.2066048656926
2007-11-22;25.3063013911996
2007-11-23;25.4226140042911
2007-11-26;24.8842527665532
2007-11-27;24.5918096250659
2007-11-28;24.55525423238
2007-11-29;24.3924165740519
2007-11-30;23.8939339465167
2007-12-03;24.3259522237139
2007-12-04;24.757970500911
2007-12-05;26.0872575076713
2007-12-06;26.801749273805
2007-12-07;26.6023562227909
2007-12-10;26.4860436096994
2007-12-11;26.8848297117275
2007-12-12;28.2440256761399
2007-12-13;27.3500801640936
2007-12-14;26.9845262372345
2007-12-17;25.5721587925516
2007-12-18;26.1869540331783
2007-12-19;27.0277280649542
2007-12-20;27.3833123392626
2007-12-21;28.2573185462075
2007-12-26;29.011688922544
2007-12-27;28.6926600409215
2007-12-28;29.3772428494031
2008-01-02;28.911992397037
2008-01-03;28.4467419446708
2008-01-04;27.0509905875725
2008-01-07;26.2567416010332
2008-01-08;27.6990180033682
2008-01-09;28.2207631535216
2008-01-10;27.9482593171357
2008-01-11;27.1041620678429
2008-01-14;26.9479708445486
2008-01-15;25.761582191015
2008-01-16;24.79120267608
2008-01-17;23.5449961072422
2008-01-18;23.8607017713477
2008-01-21;22.0894268348396
2008-01-22;24.2461950033082
2008-01-23;23.8307928136956
2008-01-24;25.5023712246967
2008-01-28;26.8748600591768
2008-01-29;26.8515975365585
2008-01-30;27.4597463421513
2008-01-31;26.7186688358824
2008-02-01;27.1506871130795
2008-02-06;26.1869540331783
2008-02-07;27.001142324819
2008-02-08;27.1839192882485
2008-02-11;27.639200088064
2008-02-12;27.6956947858513
2008-02-13;28.1011273229132
2008-02-14;27.7588359186724
2008-02-15;27.5162410399386
2008-02-18;28.2307328060723
2008-02-19;28.3470454191638
2008-02-20;28.4135097695018
2008-02-21;27.9183503594836
2008-02-22;28.0147236674737
2008-02-25;27.9981075798892
2008-02-26;28.0479558426427
2008-02-27;28.4799741198399
2008-02-28;28.6295189081004
2008-02-29;27.067606675157
2008-03-03;26.8848297117275
2008-03-04;26.1371057704248
2008-03-05;26.7851331862204
2008-03-06;26.2567416010332
2008-03-07;25.9742681120966
2008-03-10;25.4890783546291
2008-03-11;26.4893668272163
2008-03-12;26.3597613440571
2008-03-13;26.0141467222995
2008-03-14;25.5023712246967
2008-03-17;24.5353149272786
2008-03-18;24.9075152891715
2008-03-19;23.0631295672916
2008-03-20;23.0631295672916
2008-03-24;23.2625226183056
2008-03-25;24.4921130995589
2008-03-26;24.890899201587
2008-03-27;24.2960432660618
2008-03-28;24.1298823902167
2008-03-31;24.588486407549
2008-04-01;25.1766959080405
2008-04-02;25.8446626289375
2008-04-03;26.1537218580093
2008-04-04;26.2534183835163
2008-04-07;26.0872575076713
2008-04-08;26.5824169176895
2008-04-09;26.599033005274
2008-04-10;26.6954063132641
2008-04-11;26.1038735952558
2008-04-14;27.5727357377259
2008-04-15;27.8950878368653
2008-04-16;27.7156340909527
2008-04-17;28.2805810688258
2008-04-18;28.3470454191638
2008-04-22;28.6461349956849
2008-04-23;28.2539953286906
2008-04-24;27.6491697406147
2008-04-25;28.0147236674737
2008-04-28;28.0213029825671
2008-04-29;26.9093987317914
2008-04-30;27.7647096939265
2008-05-02;28.2910549013943
2008-05-05;28.8502966843289
2008-05-06;29.6069179200638
2008-05-07;29.5082281936636
2008-05-08;29.6069179200638
2008-05-09;30.0477320313181
2008-05-12;30.1003665520649
2008-05-13;30.8898843632666
2008-05-14;30.462228882199
2008-05-15;30.9951534047602
2008-05-16;31.6794021744683
2008-05-19;32.8965754667376
2008-05-20;33.9887417722333
2008-05-21;34.5479835551678
2008-05-23;33.2650171119651
2008-05-26;33.9295279363932
2008-05-27;32.8307823158041
2008-05-28;33.547927660979
2008-05-29;32.4623406705767
2008-05-30;32.2386439574028
2008-06-02;32.7584098497773
2008-06-03;31.218850117934
2008-06-04;29.7911387426776
2008-06-05;31.2912225839608
2008-06-06;31.3109605292408
2008-06-09;31.238588063214
2008-06-10;30.2648494293986
2008-06-11;29.8700905237977
2008-06-12;29.7253455917441
2008-06-13;30.1990562784651
2008-06-16;30.1332631275316
2008-06-17;30.4293323067323
2008-06-18;29.8700905237977
2008-06-19;28.8831932597956
2008-06-20;28.3765859976079
2008-06-23;28.8766139447023
2008-06-24;28.7976621635821
2008-06-25;29.5740213445971
2008-06-26;29.5411247691304
2008-06-27;29.8042973728643
2008-06-30;30.4030150463589
2008-07-01;30.3240632652387
2008-07-02;28.9358277805424
2008-07-03;27.9949857221937
2008-07-04;28.4226412032613
2008-07-07;27.5870681864061
2008-07-08;26.7185985940843
2008-07-10;26.3501569488568
2008-07-11;26.7120192789909
2008-07-14;26.8962401016047
2008-07-15;26.6791227035242
2008-07-16;26.1659361262431
2008-07-17;24.8698110528536
2008-07-18;25.1329836565875
2008-07-21;25.501425301815
2008-07-22;24.6263763943998
2008-07-23;23.7513274869845
2008-07-24;22.6986370720489
2008-07-25;22.6986370720489
2008-07-28;22.9289131003161
2008-07-29;22.8960165248494
2008-07-30;24.0145000907185
2008-07-31;23.6197411851176
2008-08-01;22.7052163871423
2008-08-04;21.63936734202
2008-08-05;21.185394600579
2008-08-06;21.9091192608472
2008-08-07;22.2775609060747
2008-08-08;22.0736021381809
2008-08-11;21.5143603552464
2008-08-12;21.7577950137002
2008-08-13;22.2051884400479
2008-08-14;22.0012296721541
2008-08-15;21.4946224099663
2008-08-18;20.8432702157249
2008-08-19;21.468305149593
2008-08-20;22.5078369343419
2008-08-21;23.2841961153569
2008-08-22;23.2184029644234
2008-08-25;22.244664330608
2008-08-26;22.4946783041552
2008-08-27;23.1591891285833
2008-08-28;23.2578788549835
2008-08-29;22.9618096757828
2008-09-01;22.5078369343419
2008-09-02;21.7841122740736
2008-09-03;21.4485672043129
2008-09-04;20.691945968578
2008-09-05;20.9616978874052
2008-09-08;19.9090074724696
2008-09-09;18.6523582896402
2008-09-10;18.8694756877207
2008-09-11;20.6590493931112
2008-09-12;21.7117398080468
2008-09-15;19.6063589781756
2008-09-16;20.5932562421777
2008-09-17;19.6063589781756
2008-09-18;21.185394600579
2008-09-19;23.0144441965296
2008-09-22;22.9618096757828
2008-09-23;21.8762226853805
2008-09-24;22.6920577569556
2008-09-25;23.7184309115178
2008-09-26;23.3105133757303
2008-09-29;21.5472569307131
2008-09-30;23.0933959776498
2008-10-01;22.9618096757828
2008-10-02;21.0867048741788
2008-10-03;20.3958767893773
2008-10-06;19.7379452800426
2008-10-07;18.6194617141735
2008-10-08;17.5667712992379
2008-10-09;17.0272674615834
2008-10-10;15.7903562240341
2008-10-13;17.6983576011048
2008-10-14;17.9615302048387
2008-10-15;15.7903562240341
2008-10-16;14.6060795072315
2008-10-17;15.125845399606
2008-10-20;16.7048810220094
2008-10-21;16.4482877333688
2008-10-22;15.2640110165663
2008-10-23;14.9350452618989
2008-10-24;13.4218027904289
2008-10-27;11.9151396340524
2008-10-28;13.1915267621618
2008-10-29;14.0797342997637
2008-10-30;15.0337349882991
2008-10-31;15.3363834825931
2008-11-03;15.2245351260062
2008-11-04;16.5140808843023
2008-11-05;15.9548391013677
2008-11-06;15.0666315637658
2008-11-07;15.3034869071263
2008-11-10;15.7574596485673
2008-11-11;15.7311423881939
2008-11-12;13.5665477224826
2008-11-13;13.8823548469633
2008-11-14;13.6586581337895
2008-11-17;13.4546993658957
2008-11-18;12.665181554694
2008-11-19;12.1717329226929
2008-11-21;11.112463192664
2008-11-24;12.6520229245073
2008-11-25;12.7375540207208
2008-11-26;13.5007545715491
2008-11-27;13.1257336112283
2008-11-28;13.1981060772551
2008-12-01;12.1059397717594
2008-12-02;12.040146620826
2008-12-03;12.7046574452541
2008-12-04;12.2375260736264
2008-12-05;11.9480362095191
2008-12-08;13.2967958036553
2008-12-09;13.2310026527219
2008-12-10;14.4350173148045
2008-12-11;14.691610603445
2008-12-12;14.8692521109654
2008-12-15;15.0666315637658
2008-12-16;15.6587699221671
2008-12-17;16.0206322523012
2008-12-18;15.4613904693667
2008-12-19;15.3627007429665
2008-12-22;14.5666036166714
2008-12-23;14.4744932053646
2008-12-26;15.0008384128324
2008-12-29;14.8166175902186
2008-12-30;15.0271556732057
2009-01-02;16.1456392390748
2009-01-05;16.5140808843023
2009-01-06;16.7443569125694
2009-01-07;16.0864254032347
2009-01-08;16.7772534880362
2009-01-09;16.7114603371027
2009-01-12;15.6258733467004
2009-01-13;15.7574596485673
2009-01-14;15.3298041674997
2009-01-15;15.8561493749675
2009-01-16;15.9745770466478
2009-01-19;15.6785078674471
2009-01-20;15.1719006052594
2009-01-21;15.9614184164611
2009-01-22;15.5535008806735
2009-01-23;15.5206043052068
2009-01-26;15.6587699221671
2009-01-27;15.7245630731006
2009-01-28;16.5798740352358
2009-01-29;16.4680256786488
2009-01-30;16.4680256786488
2009-02-02;16.244328965475
2009-02-03;16.829888008783
2009-02-04;16.9088397899031
2009-02-05;17.1062192427035
2009-02-06;17.8299439029718
2009-02-09;18.0207440406789
2009-02-10;17.797047327505
2009-02-11;17.6983576011048
2009-02-12;17.625985135078
2009-02-13;18.1589096576392
2009-02-16;18.3694477406263
2009-02-17;17.3693918464374
2009-02-18;17.0338467766767
2009-02-19;17.303598695504
2009-02-20;16.9614743106499
2009-02-25;17.2707021200372
2009-02-26;17.4483436275576
2009-02-27;17.3693918464374
2009-03-02;16.4614463635555
2009-03-03;16.3167014315019
2009-03-04;17.3496539011574
2009-03-05;17.1062192427035
2009-03-06;16.8891018446231
2009-03-09;16.9088397899031
2009-03-10;17.8102059576917
2009-03-11;17.9023163689986
2009-03-12;18.1260130821724
2009-03-13;18.2247028085726
2009-03-16;17.8891577388119
2009-03-17;18.4089236311864
2009-03-18;18.6194617141735
2009-03-19;19.2444966480415
2009-03-20;19.1458069216413
2009-03-23;20.3037663780704
2009-03-24;19.9682213083097
2009-03-25;20.0208558290565
2009-03-26;19.9813799384964
2009-03-27;19.4747726763087
2009-03-30;18.9352688386542
2009-03-31;18.7839445915072
2009-04-01;19.3431863744417
2009-04-02;20.0669110347099
2009-04-03;20.0011178837765
2009-04-06;19.9287454177496
2009-04-07;19.7182073347625
2009-04-08;19.6589934989224
2009-04-09;20.2906077478837
2009-04-13;20.257711172417
2009-04-14;20.0669110347099
2009-04-15;19.7247866498559
2009-04-16;19.7379452800426
2009-04-17;19.4221381555619
2009-04-20;18.9484274688409
2009-04-22;18.8234204820673
2009-04-23;19.2576552782282
2009-04-24;19.2839725386016
2009-04-27;18.876055002814
2009-04-28;18.9681654141209
2009-04-29;19.5668830876155
2009-04-30;19.4352967857486
2009-05-04;20.8103736402582
2009-05-05;21.1064428194588
2009-05-06;21.4156706288462
2009-05-07;21.0406496685254
2009-05-08;21.7117398080468
2009-05-11;21.6262087118333
2009-05-12;21.2840843269792
2009-05-13;20.711683913858
2009-05-14;20.882746106285
2009-05-15;20.5932562421777
2009-05-18;21.5209396703397
2009-05-19;21.5275189854331
2009-05-20;21.810429534447
2009-05-21;21.3827740533794
2009-05-22;21.6262087118333
2009-05-25;21.6788432325801
2009-05-26;22.1986091249545
2009-05-27;22.1986091249545
2009-05-28;22.7973267984492
2009-05-29;22.6657404965822
2009-06-01;23.1855063889567
2009-06-02;22.7315336475157
2009-06-03;21.810429534447
2009-06-04;22.4288851532217
2009-06-05;22.3565126871949
2009-06-08;22.2907195362614
2009-06-09;22.0472848778075
2009-06-10;22.2907195362614
2009-06-12;22.3367747419148
2009-06-15;21.9091192608472
2009-06-16;21.4156706288462
2009-06-17;21.0867048741788
2009-06-18;20.8959047364717
2009-06-19;21.0209117232453
2009-06-22;20.3037663780704
2009-06-23;20.6590493931112
2009-06-24;20.3958767893773
2009-06-25;21.2182911760457
2009-06-26;21.2182911760457
2009-06-29;21.7446363835136
2009-06-30;21.3498774779127
2009-07-01;20.9222219968451
2009-07-02;20.5537803516177
2009-07-03;20.4024561044707
2009-07-06;20.2340634327599
2009-07-07;19.7692996588384
2009-07-08;19.6076426939961
2009-07-10;19.9848422786281
2009-07-13;20.0656707610492
2009-07-14;19.9309566236807
2009-07-15;20.7190343272868
2009-07-16;20.847012757787
2009-07-17;21.2174766355505
2009-07-20;21.4869049102877
2009-07-21;21.4330192553403
2009-07-22;21.3454550660507
2009-07-23;21.8236902537091
2009-07-24;21.8910473223934
2009-07-27;21.8573687880513
2009-07-28;21.3858693072613
2009-07-29;20.8133342234448
2009-07-30;21.0288768432345
2009-07-31;21.1972695149452
2009-08-03;21.9247258567356
2009-08-04;21.6350904613931
2009-08-05;21.7698045987617
2009-08-06;21.4869049102877
2009-08-07;21.554261978972
2009-08-10;21.6216190476563
2009-08-11;21.0288768432345
2009-08-12;21.4801692034193
2009-08-13;21.884311615525
2009-08-14;21.790011719367
2009-08-17;21.554261978972
2009-08-18;21.7698045987617
2009-08-19;22.0931185284463
2009-08-20;22.261511200157
2009-08-21;22.6521821985259
2009-08-24;22.497260940552
2009-08-25;22.3827539237887
2009-08-26;22.3423396825781
2009-08-27;22.1335327696568
2009-08-28;21.9247258567356
2009-08-31;21.1366481531294
2009-09-01;21.2848337042348
2009-09-02;21.6552975819984
2009-09-03;21.6822404094721
2009-09-04;21.8977830292618
2009-09-08;22.1470041833937
2009-09-09;22.2278326658149
2009-09-10;22.4568466993414
2009-09-11;22.3221325619729
2009-09-14;22.3894896306571
2009-09-15;22.497260940552
2009-09-16;23.1371530930527
2009-09-17;23.1034745587106
2009-09-18;23.3392242991056
2009-09-21;23.3055457647635
2009-09-22;23.4604670227373
2009-09-23;23.0765317312369
2009-09-24;22.7666892152892
2009-09-25;22.9754961282104
2009-09-28;23.5008812639479
2009-09-29;23.4200527815267
2009-09-30;23.5749740395006
2009-10-01;23.166749380808
2009-10-02;23.2415905682349
2009-10-05;23.4388991532697
2009-10-06;23.4661141305159
2009-10-07;23.5817777838121
2009-10-08;24.1192735844241
2009-10-09;24.2485447263435
2009-10-13;24.3710121239513
2009-10-14;24.5955356862322
2009-10-15;24.9017041802517
2009-10-16;24.7656292940208
2009-10-19;25.4187887479291
2009-10-20;24.8336667371363
2009-10-21;24.9697416233672
2009-10-22;25.1738539527135
2009-10-23;24.8336667371363
2009-10-26;24.9697416233672
2009-10-27;24.4594608000013
2009-10-28;23.2960205227273
2009-10-29;24.5343019874283
2009-10-30;23.8403200676508
2009-11-03;24.1873110275396
2009-11-04;24.2893671922128
2009-11-05;24.7656292940208
2009-11-06;24.5274982431168
2009-11-09;25.2282839072058
2009-11-10;25.4528074694868
2009-11-11;25.5820786114061
2009-11-12;25.0717977880403
2009-11-13;25.2623026287636
2009-11-16;25.4323962365522
2009-11-17;26.1263781563297
2009-11-18;25.9903032700988
2009-11-19;26.1944155994451
2009-11-23;26.4325466503492
2009-11-24;26.6366589796955
2009-11-25;26.8407713090418
2009-11-26;26.1603968778874
2009-11-27;26.4665653719069
2009-11-30;26.3985279287914
2009-12-01;27.0720986156343
2009-12-02;26.8135563317956
2009-12-03;26.7387151443687
2009-12-04;26.1263781563297
2009-12-07;26.1263781563297
2009-12-08;25.5752748670946
2009-12-09;25.5752748670946
2009-12-10;25.6909385203909
2009-12-11;25.718153497637
2009-12-14;25.7861909407525
2009-12-15;25.8542283838679
2009-12-16;25.7589759635063
2009-12-17;25.0854052766634
2009-12-18;24.8880966916286
2009-12-21;23.9491799766355
2009-12-22;24.7248068281516
2009-12-23;24.9697416233672
2009-12-28;25.0037603449249
2009-12-29;25.0377790664826
2009-12-30;24.9629378790556
2010-01-04;25.3915737706829
2010-01-05;25.1738539527135
2010-01-06;25.5140411682907
2010-01-07;25.2759101173867
2010-01-08;25.1398352311558
2010-01-11;25.0581902994172
2010-01-12;24.7384143167747
2010-01-13;24.6975918509054
2010-01-14;24.2689559592781
2010-01-15;24.3233859137705
2010-01-18;24.867685458694
2010-01-19;24.7520218053977
2010-01-20;24.1192735844241
2010-01-21;23.3572542215312
2010-01-22;23.643011482616
2010-01-26;23.0646932161348
2010-01-27;23.2075718466772
2010-01-28;23.5477590622544
2010-01-29;23.2483943125465
2010-02-01;23.3368429885966
2010-02-02;23.2007681023657
2010-02-03;23.1599456364964
2010-02-04;21.9760941262877
2010-02-05;21.4454020699873
2010-02-08;21.5950844448412
2010-02-09;21.9352716604185
2010-02-10;22.2074214328802
2010-02-11;22.6972910233114
2010-02-12;22.9966557730193
2010-02-17;23.3028242670388
2010-02-18;23.6021890167468
2010-02-19;23.3708617101543
2010-02-22;23.5749740395006
2010-02-23;23.2620018011696
2010-02-24;23.091908193381
2010-02-25;23.3912729430889
2010-02-26;23.5477590622544
2010-03-01;23.7654788802238
2010-03-02;23.8947500221432
2010-03-03;23.9151612550778
2010-03-04;23.9491799766355
2010-03-05;24.3642083796397
2010-03-08;24.2893671922128
2010-03-09;24.8336667371363
2010-03-10;25.1738539527135
2010-03-11;25.2078726742712
2010-03-12;25.2146764185828
2010-03-15;25.017367833548
2010-03-16;25.3167325832559
2010-03-17;25.2759101173867
2010-03-18;25.1874614413366
2010-03-19;24.6499656407246
2010-03-22;24.6567693850361
2010-03-23;24.3710121239513
2010-03-24;24.554713220363
2010-03-25;23.9491799766355
2010-03-26;23.4729178748274
2010-03-29;23.7450676472892
2010-03-30;23.6770302041738
2010-03-31;24.0784511185549
2010-04-01;24.3233859137705
2010-04-05;24.5002832658706
2010-04-06;24.5479094760514
2010-04-07;24.3574046353282
2010-04-08;24.3642083796397
2010-04-09;23.9695912095702
2010-04-12;23.3980766874005
2010-04-13;23.2620018011696
2010-04-14;23.3028242670388
2010-04-15;22.8605808867885
2010-04-16;22.4183375065381
2010-04-19;22.8265621652307
2010-04-20;23.3368429885966
2010-04-22;23.0374782388886
2010-04-23;23.3325665809417
2010-04-26;22.8590527297402
2010-04-27;22.028687860242
2010-04-28;22.2277009281383
2010-04-29;22.660039661844
2010-04-30;22.5090642310261
2010-05-03;21.6169366852842
2010-05-04;20.8895096095255
2010-05-05;20.731671659125
2010-05-06;20.4571708758198
2010-05-07;20.415995758324
2010-05-10;20.6904965416292
2010-05-11;20.3267830037498
2010-05-12;20.5189335520634
2010-05-13;20.5875587478897
2010-05-14;20.6493214241334
2010-05-17;20.4846209541503
2010-05-18;20.0522822204446
2010-05-19;19.5924934084084
2010-05-20;18.8238912151538
2010-05-21;18.9268290088933
2010-05-24;18.7541389631917
2010-05-25;18.3396828535079
2010-05-26;18.6850629449111
2010-05-27;19.2100406838439
2010-05-28;19.4794371551384
2010-05-31;20.4465014110672
2010-06-01;19.7902792374012
2010-06-02;20.101121319664
2010-06-04;20.204735347085
2010-06-07;20.3912405964427
2010-06-08;20.4879470220356
2010-06-09;20.4119634019269
2010-06-10;20.6537294659091
2010-06-11;20.4603166147233
2010-06-14;20.0665833105237
2010-06-15;20.0320453013834
2010-06-16;20.4810394202075
2010-06-17;20.3912405964427
2010-06-18;20.3705177909585
2010-06-21;20.3083493745059
2010-06-22;20.1080289214921
2010-06-23;19.6866652099803
2010-06-24;18.9889974253459
2010-06-25;19.2791167021245
2010-06-28;18.9406442125494
2010-06-29;18.5330957046937
2010-06-30;18.5538185101779
2010-07-01;18.2706068352273
2010-07-02;18.4916500937253
2010-07-05;18.3327752516799
2010-07-06;18.6850629449111
2010-07-07;18.9268290088933
2010-07-08;19.0511658417984
2010-07-12;18.8093997778162
2010-07-13;18.8577529906127
2010-07-14;18.8577529906127
2010-07-15;18.7265085558795
2010-07-16;18.5400033065218
2010-07-19;18.6159869266304
2010-07-20;19.0995190545949
2010-07-21;18.9959050271739
2010-07-22;19.327469914921
2010-07-23;19.1962254801878
2010-07-26;19.2722091002965
2010-07-27;19.327469914921
2010-07-28;19.2031330820158
2010-07-29;19.1616874710475
2010-07-30;19.2376710911561
2010-08-02;19.6452195990119
2010-08-03;20.0873061160079
2010-08-04;20.2669037635376
2010-08-05;20.3290721799901
2010-08-06;20.094213717836
2010-08-09;19.9146160703063
2010-08-10;19.6244967935277
2010-08-11;18.9959050271739
2010-08-12;19.0166278326581
2010-08-13;19.1064266564229
2010-08-16;19.0718886472826
2010-08-17;19.548513173419
2010-08-18;19.1202418600791
2010-08-19;18.4985576955534
2010-08-20;18.4985576955534
2010-08-23;18.4156664736166
2010-08-24;18.0564711785573
2010-08-25;18.0150255675889
2010-08-26;17.7525366981225
2010-08-27;18.346590455336
2010-08-30;17.579846652421
2010-08-31;18.0012103639328
2010-09-01;18.671247741255
2010-09-02;19.0649810454546
2010-09-03;19.8938932648222
2010-09-06;20.094213717836
2010-09-08;19.2238558875
2010-09-09;19.0649810454546
2010-09-10;19.0097202308301
2010-09-13;19.548513173419
2010-09-14;18.5469109083498
2010-09-15;18.2706068352273
2010-09-16;18.2084384187747
2010-09-17;18.2636992333992
2010-09-20;18.7196009540514
2010-09-21;18.2015308169467
2010-09-22;17.9459495493083
2010-09-23;18.5123728992095
2010-09-24;18.1669928078063
2010-09-27;18.3051448443676
2010-09-28;18.4432968809289
2010-09-29;18.9959050271739
2010-09-30;18.8508453887846
2010-10-01;18.9959050271739
2010-10-04;18.9130138052372
2010-10-05;18.6367097321146
2010-10-06;17.8630583273716
2010-10-07;17.476232625
2010-10-08;17.9597647529644
2010-10-11;17.8561507255435
2010-10-13;17.7594442999506
2010-10-14;18.2636992333992
2010-10-15;18.1600852059783
2010-10-18;18.236068826087
2010-10-19;17.4624174213439
2010-10-20;17.2620969683301
2010-10-21;16.6887660166008
2010-10-22;16.7233040257411
2010-10-25;16.9719776915514
2010-10-26;17.8561507255435
2010-10-27;18.0910091876976
2010-10-28;18.1393624004941
2010-10-29;17.8561507255435
2010-11-01;18.2982372425395
2010-11-03;18.6505249357708
2010-11-04;18.9959050271739
2010-11-05;18.8232149814724
2010-11-08;19.0166278326581
2010-11-09;18.7334161577075
2010-11-10;18.7403237595356
2010-11-11;18.457112084585
2010-11-12;17.8561507255435
2010-11-16;17.5453086432806
2010-11-17;17.579846652421
2010-11-18;17.8906887346838
2010-11-19;17.7525366981225
2010-11-22;17.3104501811265
2010-11-23;17.0272385061759
2010-11-24;17.4347870140316
2010-11-25;17.1653905427372
2010-11-26;16.9927004970356
2010-11-29;17.0617765153162
2010-11-30;16.9857928952075
2010-12-01;17.4486022176878
2010-12-02;17.5453086432806
2010-12-03;17.7525366981225
2010-12-06;17.8630583273716
2010-12-07;17.5107706341403
2010-12-08;17.2690045701581
2010-12-09;17.5453086432806
2010-12-10;17.7525366981225
2010-12-13;17.8975963365119
2010-12-14;17.8423355218874
2010-12-15;17.5245858377965
2010-12-16;17.5107706341403
2010-12-17;17.9183191419961
2010-12-20;17.6627378743577
2010-12-21;17.800889910919
2010-12-22;17.9123195817229
2010-12-23;17.9332126449986
2010-12-27;18.1421432777558
2010-12-28;18.5669688976956
2010-12-29;18.7828638848781
2010-12-30;19.0057232264859
2011-01-03;18.8037569481539
2011-01-04;18.7341134039014
2011-01-05;18.9569727455092
2011-01-06;18.8803648468315
2011-01-07;18.6157193786723
2011-01-10;18.7898282393034
2011-01-11;18.9082222645325
2011-01-12;19.4305488464257
2011-01-13;19.0196519353364
2011-01-14;19.1867964415422
2011-01-17;19.1171528972898
2011-01-18;19.3051904667713
2011-01-19;19.0126875809111
2011-01-20;18.9917945176354
2011-01-21;18.8385787202801
2011-01-24;18.8037569481539
2011-01-26;18.6853629229247
2011-01-27;18.7132203406257
2011-01-28;18.5739332521209
2011-01-31;18.866436137981
2011-02-01;19.2494756313694
2011-02-02;19.3609053021732
2011-02-03;19.5210854539538
2011-02-04;19.2355469225189
2011-02-07;18.9569727455092
2011-02-08;18.7758995304529
2011-02-09;18.232679885284
2011-02-10;18.2953590751112
2011-02-11;18.3858956826393
2011-02-14;18.6296480875228
2011-02-15;18.7828638848781
2011-02-16;19.0196519353364
2011-02-17;18.9778658087849
2011-02-18;19.0614380618878
2011-02-21;19.0823311251636
2011-02-22;19.3400122388975
2011-02-23;19.9946615548703
2011-02-24;19.757873504412
2011-02-25;19.9180536561926
2011-02-28;19.9041249473421
2011-03-01;19.7021586690101
2011-03-02;20.1269842889499
2011-03-03;20.1687704155013
2011-03-04;20.2523426686042
2011-03-09;19.8832318840664
2011-03-10;19.583764643781
2011-03-11;19.6185864159072
2011-03-14;19.6951943145849
2011-03-15;19.528049808379
2011-03-16;19.3469765933228
2011-03-17;19.55590722608
2011-03-18;19.4305488464257
2011-03-21;19.5907289982062
2011-03-22;19.7862870773327
2011-03-23;19.9888293735708
2011-03-24;19.8561292484493
2011-03-25;20.0027978077942
2011-03-28;19.800255511556
2011-03-29;19.800255511556
2011-03-30;19.8142239457793
2011-03-31;19.9120029853426
2011-04-01;20.0726399789108
2011-04-04;19.9818451564592
2011-04-05;19.8142239457793
2011-04-06;19.6745396035461
2011-04-07;19.5558079126479
2011-04-08;19.5627921297596
2011-04-11;19.1996128399533
2011-04-12;18.6129386025738
2011-04-13;18.2637277469908
2011-04-14;18.1449960560926
2011-04-15;18.5291279972339
2011-04-18;17.8027694176213
2011-04-19;17.9703906283011
2011-04-20;18.3615067865541
2011-04-25;18.2846803983258
2011-04-26;18.2986488325491
2011-04-27;17.9773748454128
2011-04-28;17.7748325491746
2011-04-29;17.9572104679902
2011-05-02;18.0483994273979
2011-05-03;17.8519924379043
2011-05-04;17.7608034784965
2011-05-05;17.1645679746765
2011-05-06;16.982190055861
2011-05-09;17.2557569340843
2011-05-10;17.3118732167968
2011-05-11;16.8418993490798
2011-05-12;16.898990533314
2011-05-13;16.7848081648457
2011-05-16;17.0845368820751
2011-05-17;17.4128111914215
2011-05-18;17.1987192505434
2011-05-19;16.8704449411969
2011-05-20;17.1202188722214
2011-05-23;16.8418993490798
2011-05-24;17.0203092998116
2011-05-25;17.055991289958
2011-05-26;17.2700832308361
2011-05-27;17.3343108130995
2011-05-30;17.1844464544848
2011-05-31;17.1915828525141
2011-06-01;17.1273552702507
2011-06-02;17.0916732801043
2011-06-03;16.9703545136067
2011-06-06;16.556443427909
2011-06-07;16.4137154673236
2011-06-08;16.556443427909
2011-06-09;16.9132633293725
2011-06-10;16.9275361254311
2011-06-13;16.6492166022895
2011-06-14;16.8418993490798
2011-06-15;16.6278074082017
2011-06-16;16.6206710101724
2011-06-17;16.5849890200261
2011-06-20;16.4850794476163
2011-06-21;16.5849890200261
2011-06-22;16.5992618160846
2011-06-24;16.320942292943
2011-06-27;16.4708066515577
2011-06-28;16.7348533786408
2011-06-29;16.6848985924359
2011-06-30;16.9275361254311
2011-07-01;16.9489453195189
2011-07-04;16.9846273096653
2011-07-05;16.8133537569627
2011-07-06;16.7776717668164
2011-07-07;16.8633085431676
2011-07-08;16.7277169806115
2011-07-11;16.5207614377626
2011-07-12;16.4993522436748
2011-07-13;16.6920349904651
2011-07-14;16.3780334771772
2011-07-15;16.4065790692943
2011-07-18;16.2424419146211
2011-07-19;16.1639415362991
2011-07-20;15.9712587895088
2011-07-21;16.4137154673236
2011-07-22;16.3923062732358
2011-07-25;16.7705353687871
2011-07-26;16.8847177372555
2011-07-27;16.8347629510506
2011-07-28;16.7705353687871
2011-07-29;16.7705353687871
2011-08-01;16.7705353687871
2011-08-02;16.5350342338212
2011-08-03;15.9898443848969
2011-08-04;14.8133820793235
2011-08-05;14.4762251990677
2011-08-08;13.3786719505755
2011-08-09;13.7373494827625
2011-08-10;14.1534154200994
2011-08-11;14.4977458509989
2011-08-12;14.5623078067926
2011-08-15;15.0572828012107
2011-08-16;14.8922911364047
2011-08-17;14.9712001934858
2011-08-18;14.5623078067926
2011-08-19;14.1318947681682
2011-08-22;14.0960270149495
2011-08-23;14.4618780977803
2011-08-24;14.5120929522864
2011-08-25;14.246671578468
2011-08-26;14.275365781043
2011-08-29;14.6986052690237
2011-08-30;14.7416465728861
2011-08-31;14.9209853389796
2011-09-01;15.0931505544294
2011-09-02;14.6125226612988
2011-09-05;14.3686219394116
2011-09-06;14.6842581677362
2011-09-08;14.8205556299673
2011-09-09;14.4547045471365
2011-09-12;14.5910020093676
2011-09-13;14.5766549080801
2011-09-14;14.7201259209549
2011-09-15;14.7416465728861
2011-09-16;14.8133820793235
2011-09-19;14.9209853389796
2011-09-20;14.7775143261048
2011-09-21;14.7775143261048
2011-09-22;13.9884237552934
2011-09-23;13.7445230334062
2011-09-26;14.1892831733181
2011-09-27;14.0242915085121
2011-09-28;13.8808204956373
2011-09-29;13.916688248856
2011-09-30;13.7014817295438
2011-10-03;13.2065067351257
2011-10-04;13.3069364441381
2011-10-05;13.0630357222509
2011-10-06;13.5221429634503
2011-10-07;13.1275976780446
2011-10-10;13.5651842673127
2011-10-11;13.7445230334062
2011-10-13;13.9095146982123
2011-10-14;14.0888534643058
2011-10-17;13.8449527424186
2011-10-18;13.9525560020747
2011-10-19;13.7947378879124
2011-10-20;13.5006223115191
2011-10-21;13.8234320904874
2011-10-24;14.1892831733181
2011-10-25;14.2968864329742
2011-10-26;14.4044896926303
2011-10-27;15.021415047992
2011-10-28;15.4805222891914
2011-10-31;15.2940099724541
2011-11-01;15.1577125102231
2011-11-03;15.7244230110785
2011-11-04;15.8535469226658
2011-11-07;16.2696128600028
2011-11-08;16.0759269926218
2011-11-09;15.3944396814665
2011-11-10;15.4303074346852
2011-11-11;15.7531172136535
2011-11-14;15.7963554127761
2011-11-16;15.9332763766642
2011-11-17;15.508100751959
2011-11-18;15.6738471819288
2011-11-21;15.7098790145309
2011-11-22;15.6234026162858
2011-11-23;15.5441325845611
2011-11-24;15.6161962497654
2011-11-25;15.1405760594172
2011-11-28;15.4936880189181
2011-11-29;15.4288307202343
2011-11-30;15.8900381775416
2011-12-01;16.2287374040017
2011-12-02;16.2359437705221
2011-12-05;16.5530238974209
2011-12-06;16.8052467256358
2011-12-07;16.7836276260746
2011-12-08;16.2287374040017
2011-12-09;16.589055730023
2011-12-12;16.1566737387974
2011-12-13;16.1566737387974
2011-12-14;15.7242917475718
2011-12-15;15.5008943854385
2011-12-16;15.3495606885096
2011-12-19;15.2198460911419
2011-12-20;15.9260700101437
2011-12-21;15.7963554127761
2011-12-22;15.9621018427459
2011-12-23;16.0125464083889
2011-12-26;15.9765145757867
2011-12-27;15.998133675348
2011-12-28;15.4432434532751
2011-12-29;15.4864816523977
2012-01-02;15.6594344488879
2012-01-03;16.149467372277
2012-01-04;16.2647692366038
2012-01-05;16.0774037070727
2012-01-06;16.0918164401136
2012-01-09;16.3080074357264
2012-01-10;16.5025793317779
2012-01-11;16.5097856982983
2012-01-12;16.6322939291456
2012-01-13;16.6106748295843
2012-01-16;17.0430568208099
2012-01-17;17.1511523186163
2012-01-18;17.5619152102807
2012-01-19;17.4466133459538
2012-01-20;17.4538197124743
2012-01-23;18.1095990658331
2012-01-24;18.3041709618847
2012-01-26;17.9582653689042
2012-01-27;17.7781062058935
2012-01-30;17.7060425406892
2012-01-31;17.7060425406892
2012-02-01;17.9798844684654
2012-02-02;17.6772170746075
2012-02-03;17.7348680067709
2012-02-06;17.9150271697816
2012-02-07;18.4482982922932
2012-02-08;18.3257900614459
2012-02-09;18.3762346270889
2012-02-10;16.9349613230035
2012-02-13;17.5547088437603
2012-02-14;16.7259766939111
2012-02-15;16.6467066621864
2012-02-16;17.2088032507798
2012-02-17;17.331311481627
2012-02-22;17.2160096173002
2012-02-23;17.2376287168615
2012-02-24;17.6411852420054
2012-02-27;17.5475024772398
2012-02-28;17.533089744199
2012-02-29;17.5186770111581
2012-03-01;17.9294399028224
2012-03-02;18.2321072966804
2012-03-05;17.7204552737301
2012-03-06;17.1151204860142
2012-03-07;17.280866915984
2012-03-08;17.3601369477087
2012-03-09;17.0862950199325
2012-03-12;16.8845167573605
2012-03-13;17.6051534094032
2012-03-14;17.8934080702203
2012-03-15;17.4538197124743
2012-03-16;17.5475024772398
2012-03-19;17.6628043415666
2012-03-20;17.8540716938702
2012-03-21;17.7363687078372
2012-03-22;17.5083191723984
2012-03-23;17.4347548061278
2012-03-26;17.8099330741078
2012-03-27;17.5083191723984
2012-03-28;17.206705270689
2012-03-29;17.1552102142996
2012-03-30;17.1772795241808
2012-04-02;17.0890022846561
2012-04-03;16.5887645940162
2012-04-04;16.0076061004786
2012-04-05;16.184160579528
2012-04-09;15.8825466778186
2012-04-10;15.5882892127363
2012-04-11;15.7059921987692
2012-04-12;16.191517016155
2012-04-13;15.941398170835
2012-04-16;15.8236951848021
2012-04-17;15.8751902411915
2012-04-18;16.0076061004786
2012-04-19;15.7795565650398
2012-04-20;15.7869130016668
2012-04-23;15.6544971423798
2012-04-24;15.6250713958715
2012-04-25;15.5441505929739
2012-04-26;15.6250713958715
2012-04-27;15.3970218604327
2012-04-30;15.6618535790068
2012-05-02;16.184160579528
2012-05-03;15.7427743819045
2012-05-04;15.0659822122151
2012-05-07;15.1395465784857
2012-05-08;14.9041406064198
2012-05-09;14.8305762401493
2012-05-10;14.6540217610999
2012-05-11;14.3671207326446
2012-05-14;14.2315818578083
2012-05-15;13.9228544206813
2012-05-16;14.5252494199536
2012-05-17;13.8776747957358
2012-05-18;14.3595907951537
2012-05-21;15.3610724814439
2012-05-22;14.8415067945715
2012-05-23;14.4800697950082
2012-05-24;14.0809831079903
2012-05-25;14.0358034830448
2012-05-28;14.1487525454084
2012-05-29;14.1939321703538
2012-05-30;13.8174352958086
2012-05-31;14.4047704200991
2012-06-01;14.1562824828993
2012-06-04;14.3897105451173
2012-06-05;14.1562824828993
2012-06-06;14.3746506701355
2012-06-08;14.2165219828265
2012-06-11;13.8475550457722
2012-06-12;14.0056837330812
2012-06-13;14.2315818578083
2012-06-14;13.6818964209723
2012-06-15;13.9680340456267
2012-06-18;14.2315818578083
2012-06-19;14.7963271696261
2012-06-20;14.9845756068987
2012-06-21;14.5101895449718
2012-06-22;14.7210277947171
2012-06-25;13.4032887338089
2012-06-26;13.553887483627
2012-06-27;13.2828097339544
2012-06-28;13.3279893588999
2012-06-29;13.7421359208996
2012-07-02;13.8249652332995
2012-07-03;14.2993512952265
2012-07-04;14.2692315452628
2012-07-05;14.7586774821716
2012-07-06;14.4574799825354
2012-07-10;13.8475550457722
2012-07-11;13.9605041081358
2012-07-12;13.9906238580994
2012-07-13;14.7210277947171
2012-07-16;14.570429044899
2012-07-17;14.49512966999
2012-07-18;14.5553691699172
2012-07-19;14.7737373571534
2012-07-20;14.4424201075536
2012-07-23;14.2767614827538
2012-07-24;14.1487525454084
2012-07-25;14.3068812327174
2012-07-26;14.5026596074809
2012-07-27;15.1878839191531
2012-07-30;15.2933030440258
2012-07-31;14.6833781072626
2012-08-01;14.9243361069715
2012-08-02;14.7586774821716
2012-08-03;15.0146953568623
2012-08-06;14.9996354818805
2012-08-07;15.2481234190804
2012-08-08;15.9484076057344
2012-08-09;15.8128687308981
2012-08-10;15.8655782933345
2012-08-13;15.8354585433709
2012-08-14;15.6923897310437
2012-08-15;15.8505184183527
2012-08-16;16.1592458554797
2012-08-17;16.2270152928979
2012-08-20;16.2496051053706
2012-08-21;15.9935872306798
2012-08-22;16.1818356679524
2012-08-23;16.0237069806435
2012-08-24;15.9860572931889
2012-08-27;16.0914764180616
2012-08-28;16.0688866055889
2012-08-29;15.9709974182071
2012-08-30;15.8429884808618
2012-08-31;15.6246202936255
2012-09-03;15.5719107311892
2012-09-04;15.3836622939166
2012-09-05;15.5041412937711
2012-09-06;15.8128687308981
2012-09-10;15.9860572931889
2012-09-11;16.3550242302432
2012-09-12;16.5583325424976
2012-09-13;17.2435568541699
2012-09-14;17.544754353806
2012-09-17;17.5071046663515
2012-09-18;17.469454978897
2012-09-19;17.0703682918791
2012-09-20;17.2661466666426
2012-09-21;17.0929581043518
2012-09-24;17.2887364791153
2012-09-25;17.1230778543154
2012-09-26;17.1456676667881
2012-09-27;17.1004880418427
2012-09-28;16.844470167152
2012-10-01;16.9498892920246
2012-10-02;17.0929581043518
2012-10-03;16.8218803546793
2012-10-04;16.8670599796247
2012-10-05;16.7541109172611
2012-10-08;16.8745899171156
2012-10-09;16.7315211047884
2012-10-10;16.6562217298794
2012-10-11;16.9423593545337
2012-10-15;17.1682574792608
2012-10-16;17.1682574792608
2012-10-17;17.0327186044246
2012-10-18;16.9423593545337
2012-10-19;16.7541109172611
2012-10-22;16.6035121674431
2012-10-23;16.3173745427887
2012-10-24;16.2194853554069
2012-10-25;16.3776140427159
2012-10-26;16.6411618548976
2012-10-29;16.0764165430798
2012-10-30;16.211955417916
2012-10-31;15.6622699810801
2012-11-01;15.6999196685346
2012-11-05;15.9935872306798
2012-11-06;16.3249044802796
2012-11-07;15.9484076057344
2012-11-08;15.5192011687529
2012-11-09;15.6472101060983
2012-11-12;15.3911922314075
2012-11-13;15.4137820438802
2012-11-14;14.9092762319897
2012-11-16;14.3294710451901
2012-11-19;14.4047704200991
2012-11-21;14.020743608063
2012-11-22;14.0433334205357
2012-11-23;14.4348901700627
2012-11-26;14.1713423578811
2012-11-27;13.9379142956631
2012-11-28;14.0433334205357
2012-11-29;14.4198302950809
2012-11-30;14.0508633580266
2012-12-03;14.3068812327174
2012-12-04;14.1713423578811
2012-12-05;14.2617016077719
2012-12-06;14.0809831079903
2012-12-07;14.3671207326446
2012-12-10;14.7360876696989
2012-12-11;15.0523450443169
2012-12-12;14.9469259194442
2012-12-13;14.7360876696989
2012-12-14;15.2180036691167
2012-12-17;14.9996354818805
2012-12-18;15.1878839191531
2012-12-19;15.7601591684618
2012-12-20;15.8505184183527
2012-12-21;15.5794406686801
2012-12-26;15.1050546067532
2012-12-27;14.6156086698444
2012-12-28;14.6984379822444
2013-01-02;14.8264469195897
2013-01-03;15.3610724814439
2013-01-04;15.4213119813711
2013-01-07;15.120114481735
2013-01-08;14.6833781072626
2013-01-09;14.8189169820988
2013-01-10;14.9318660444624
2013-01-11;14.9695157319169
2013-01-14;14.9469259194442
2013-01-15;14.9243361069715
2013-01-16;14.9393959819533
2013-01-17;14.8415067945715
2013-01-18;14.7436176071898
2013-01-21;14.6005487948626
2013-01-22;14.7436176071898
2013-01-23;14.7210277947171
2013-01-24;14.7662074196625
2013-01-28;14.5854889198808
2013-01-29;14.3897105451173
2013-01-30;13.7044862334451
2013-01-31;13.6141269835542
2013-02-01;13.9002646082086
2013-02-04;13.553887483627
2013-02-05;13.6141269835542
2013-02-06;13.2526899839908
2013-02-07;13.1773906090818
2013-02-08;13.3581091088635
2013-02-13;13.4032887338089
2013-02-14;13.3053995464272
2013-02-15;13.2752797964635
2013-02-18;13.4785881087179
2013-02-19;13.629186858536
2013-02-20;13.2677498589726
2013-02-21;13.0418517342455
2013-02-22;12.9138427969001
2013-02-25;12.7632440470821
2013-02-26;12.6051153597731
2013-02-27;12.6578249222094
2013-02-28;12.5072261723913
2013-03-01;12.7255943596276
2013-03-04;12.4243968599914
2013-03-05;12.4695764849368
2013-03-06;13.5915371710815
2013-03-07;14.2692315452628
2013-03-08;13.8324951707904
2013-03-11;14.254171670281
2013-03-12;14.1111028579539
2013-03-13;14.1261627329357
2013-03-14;14.5930188573717
2013-03-15;14.3746506701355
2013-03-18;14.4574799825354
2013-03-19;14.3821806076264
2013-03-20;14.1939321703538
2013-03-21;13.9529741706449
2013-03-22;14.0282735455539
2013-03-25;14.0282735455539
2013-03-26;13.9981537955903
2013-03-27;13.8701448582449
2013-03-28;13.8174352958086
2013-04-01;13.5840072335906
2013-04-02;13.3279893588999
2013-04-03;13.553887483627
2013-04-04;13.3430492338817
2013-04-05;13.4032887338089
2013-04-08;13.1096211716637
2013-04-09;13.6668365459905
2013-04-10;13.8701448582449
2013-04-11;13.5463575461361
2013-04-12;13.5237677336634
2013-04-15;12.9740822968274
2013-04-16;13.3279893588999
2013-04-17;12.928902671882
2013-04-18;13.4183486087907
2013-04-19;13.9153244831904
2013-04-22;14.1336926704266
2013-04-23;14.4424201075536
2013-04-24;14.645728419808
2013-04-25;14.4574799825354
2013-04-26;14.5252494199536
2013-04-29;15.3234227939894
2013-04-30;15.6665426937021
2013-05-02;15.7913135663249
2013-05-03;15.5963590778518
2013-05-06;15.8692953617142
2013-05-07;16.0798462092652
2013-05-08;15.8225062844806
2013-05-09;15.783515386786
2013-05-10;15.5573681801572
2013-05-13;15.1206701259773
2013-05-14;15.2454409986001
2013-05-15;15.261037357678
2013-05-16;15.4014045893787
2013-05-17;15.5573681801572
2013-05-20;15.7523226686303
2013-05-21;15.783515386786
2013-05-22;15.5339736415404
2013-05-23;15.4871845643068
2013-05-24;15.6353499755464
2013-05-27;15.5495700006182
2013-05-28;15.6509463346243
2013-05-29;15.4793863847679
2013-05-31;15.6353499755464
2013-06-03;15.8225062844806
2013-06-04;15.6509463346243
2013-06-05;15.1440646645941
2013-06-06;15.1752573827498
2013-06-07;14.6917702513364
2013-06-10;14.7229629694921
2013-06-11;14.4500266856297
2013-06-12;14.1303013245337
2013-06-13;14.6605775331807
2013-06-14;14.0835122473002
2013-06-17;14.106906785917
2013-06-18;13.9041541179049
2013-06-19;13.4128688069525
2013-06-20;13.2725015752519
2013-06-21;12.835803521072
2013-06-24;12.4069036464311
2013-06-25;12.4770872622814
2013-06-26;12.5940599553653
2013-06-27;12.7734180847606
2013-06-28;12.6174544939821
2013-07-01;12.6018581349043
2013-07-02;12.001398310407
2013-07-03;12.3991054668922
2013-07-04;12.4458945441257
2013-07-05;11.8142420014727
2013-07-08;11.681672949311
2013-07-10;11.8610310787063
2013-07-11;12.3211236715029
2013-07-12;12.0325910285627
2013-07-15;12.1183710034908
2013-07-16;12.2821327738083
2013-07-17;12.523876339515
2013-07-18;12.5550690576707
2013-07-19;12.3835091078143
2013-07-22;12.7110326484492
2013-07-23;12.7968126233774
2013-07-24;12.7812162642996
2013-07-25;13.1321343435512
2013-07-26;13.2179143184794
2013-07-29;13.0073634709284
2013-07-30;12.835803521072
2013-07-31;12.7032344689103
2013-08-01;13.2101161389405
2013-08-02;13.1087398049344
2013-08-05;12.9839689323116
2013-08-06;12.6954362893714
2013-08-07;12.6720417507546
2013-08-08;12.9839689323116
2013-08-09;13.3192906524854
2013-08-12;12.8903907778445
2013-08-13;12.7656199052217
2013-08-14;13.2179143184794
2013-08-15;13.9041541179049
2013-08-16;13.8651632202103
2013-08-19;13.9041541179049
2013-08-20;13.3582815501801
2013-08-21;13.5220433204975
2013-08-22;14.2394758380787
2013-08-23;14.4656230447075
2013-08-26;14.1848885813062
2013-08-27;13.6078232954257
2013-08-28;13.3816760887968
2013-08-29;13.1789234207848
2013-08-30;13.1009416253955
2013-09-02;13.2101161389405
2013-09-03;13.0853452663177
2013-09-04;13.1399325230901
2013-09-05;13.678006911276
2013-09-06;13.8495668611324
2013-09-09;14.1692922222284
2013-09-10;14.3018612743901
2013-09-11;14.2316776585398
2013-09-12;13.9197504769827
2013-09-13;14.1380995040727
2013-09-16;14.3876412493183
2013-09-17;14.4500266856297
2013-09-18;14.7385593285699
2013-09-19;14.941311996582
2013-09-20;14.7697520467257
2013-09-23;14.9101192784263
2013-09-24;14.6371829945639
2013-09-25;14.6605775331807
2013-09-26;14.4968157628632
2013-09-27;14.4266321470129
2013-09-30;14.317457633468
2013-10-01;14.5592011991747
2013-10-02;14.6449811741028
2013-10-03;14.4578248651686
2013-10-04;14.5592011991747
2013-10-07;14.52021030148
2013-10-08;14.2784667357733
2013-10-09;14.0913104268391
2013-10-10;14.1536958631505
2013-10-11;14.1147049654559
2013-10-14;14.2472740176176
2013-10-15;14.3642467107015
2013-10-16;14.309659453929
2013-10-17;14.2004849403841
2013-10-18;13.9821359132941
2013-10-21;14.7229629694921
2013-10-22;14.4656230447075
2013-10-23;14.2940630948512
2013-10-24;14.2238794790008
2013-10-25;14.418833967474
2013-10-28;15.5105791029236
2013-10-29;15.362413691684
2013-10-30;15.5573681801572
2013-10-31;15.9316807980256
2013-11-01;15.4871845643068
2013-11-04;15.7679190277082
2013-11-05;15.7913135663249
2013-11-06;15.9160844389478
2013-11-07;15.5963590778518
2013-11-08;15.3156246144505
2013-11-11;15.6665426937021
2013-11-12;15.2454409986001
2013-11-13;15.5495700006182
2013-11-14;15.9472771571035
2013-11-18;16.7192969314571
2013-11-19;16.4619570066726
2013-11-21;16.2981952363551
2013-11-22;16.1188371069598
2013-11-25;15.8770935412531
2013-11-26;14.8789265602706
2013-11-27;14.7931465853424
2013-11-28;14.5514030196357
2013-11-29;14.9101192784263
2013-12-02;13.5376396795754
2013-12-03;13.6546123726593
2013-12-04;13.5688323977311
2013-12-05;13.7481905271264
2013-12-06;13.4362633455693
2013-12-09;13.4518597046472
2013-12-10;13.4908506023418
2013-12-11;13.0853452663177
2013-12-12;13.1477307026291
2013-12-13;13.2802997547908
2013-12-16;13.5220433204975
2013-12-17;13.1009416253955
2013-12-18;13.1321343435512
2013-12-19;13.4518597046472
2013-12-20;13.1867216003237
2013-12-23;13.3036942934076
2013-12-26;13.1945197798626
2013-12-27;13.2023179594015
2013-12-30;13.3192906524854
2014-01-02;13.0619507277009
2014-01-03;12.8046108029163
2014-01-06;12.9605743936948
2014-01-07;12.6018581349043
2014-01-08;12.625252673521
2014-01-09;12.2431418761137
2014-01-10;12.4536927236647
2014-01-13;12.2977291328861
2014-01-14;12.2431418761137
2014-01-15;12.5082799804371
2014-01-16;12.1573619011855
2014-01-17;12.0949764648741
2014-01-20;11.8376365400895
2014-01-21;11.9624074127123
2014-01-22;12.3523163896586
2014-01-23;12.0637837467184
2014-01-24;11.7752511037781
2014-01-27;11.783049283317
2014-01-28;11.7362602060835
2014-01-29;11.5413057176103
2014-01-30;11.4633239222211
2014-01-31;11.4633239222211
2014-02-03;10.8004786614124
2014-02-04;10.9876349703466
2014-02-05;10.7848823023345
2014-02-06;11.0812131248137
2014-02-07;11.2683694337479
2014-02-10;11.3931403063707
2014-02-11;11.6660765902331
2014-02-12;11.6660765902331
2014-02-13;11.3931403063707
2014-02-14;11.369745767754
2014-02-17;11.2527730746701
2014-02-18;11.0032313294244
2014-02-19;11.0734149452748
2014-02-20;11.0422222271191
2014-02-21;11.0344240475802
2014-02-24;11.3073603314426
2014-02-25;11.0578185861969
2014-02-26;10.6679096092506
2014-02-27;10.948644072652
2014-02-28;10.5977259934003
2014-03-05;10.3637806072325
2014-03-06;10.4729551207775
2014-03-07;10.3871751458493
2014-03-10;10.1454315801426
2014-03-11;10.2234133755319
2014-03-12;10.3871751458493
2014-03-13;10.2234133755319
2014-03-14;9.9660734507473
2014-03-17;9.80231168042985
2014-03-18;10.1142388619869
2014-03-19;10.4027715049272
2014-03-20;10.9096531749573
2014-03-21;10.9330477135741
2014-03-24;11.2293785360533
2014-03-25;11.2917639723647
2014-03-26;11.2293785360533
2014-03-27;12.1417655421076
2014-03-28;12.211949157958
2014-03-31;12.3055273124251
2014-04-01;12.3289218510418
2014-04-02;12.9137853164613
2014-04-03;12.8056853749842
2014-04-04;12.8389468954387
2014-04-07;13.6871156670285
2014-04-08;13.2962928016881
2014-04-09;13.1798774800973
2014-04-10;13.0385160181657
2014-04-11;13.4626004039606
2014-04-14;13.2464005210063
2014-04-15;12.7391623340751
2014-04-16;13.1216698193019
2014-04-17;13.6205926261195
2014-04-22;13.2713466613472
2014-04-23;13.3295543221426
2014-04-24;13.4127081232789
2014-04-25;13.3295543221426
2014-04-28;13.7702694681648
2014-04-29;13.8783694096419
2014-04-30;13.7785848482784
2014-05-02;14.6350689999819
2014-05-05;14.610122859641
2014-05-06;15.167253327254
2014-05-07;15.4499762511172
2014-05-08;14.8678996431634
2014-05-09;14.6932766607773
2014-05-12;14.9926303448678
2014-05-13;14.9344226840724
2014-05-14;15.2088302278221
2014-05-15;14.9926303448678
2014-05-16;15.0092611050951
2014-05-19;14.9177919238452
2014-05-20;14.3856075965731
2014-05-21;14.5186536783911
2014-05-22;14.67664590055
2014-05-23;14.7182228011181
2014-05-26;14.8512688829362
2014-05-27;14.543599818732
2014-05-28;14.7182228011181
2014-05-29;14.3856075965731
2014-05-30;13.8783694096419
2014-06-02;13.8035309886193
2014-06-03;14.0529923920281
2014-06-04;13.8035309886193
2014-06-05;13.5707003454378
2014-06-06;14.7015920408909
2014-06-09;15.0258918653223
2014-06-10;15.2504071283902
2014-06-11;15.699437654526
2014-06-13;15.7909068357759
2014-06-16;15.5830223329353
2014-06-17;15.233776368163
2014-06-18;15.7992222158895
2014-06-20;15.5497608124808
2014-06-23;15.2171456079357
2014-06-24;14.6683305204364
2014-06-25;14.3772922164595
2014-06-26;14.4022383568004
2014-06-27;14.3024537954368
2014-06-30;14.3772922164595
2014-07-01;14.2941384153232
2014-07-02;14.2359307545278
2014-07-03;14.5519151988456
2014-07-04;14.5519151988456
2014-07-07;14.3689768363459
2014-07-08;14.410553736914
2014-07-10;15.0591533857768
2014-07-11;15.2005148477085
2014-07-14;15.8823760170258
2014-07-15;16.0154220988438
2014-07-16;16.0569989994119
2014-07-17;16.2648835022526
2014-07-18;17.0631599931607
2014-07-21;17.3791444374785
2014-07-22;17.5038751391829
2014-07-23;16.8469601102064
2014-07-24;16.8885370107746
2014-07-25;17.0382138528198
2014-07-28;16.7554909289565
2014-07-29;16.3147757829344
2014-07-30;16.5060295255478
2014-07-31;15.8823760170258
2014-08-01;15.8075375960032
2014-08-04;16.1734143210027
2014-08-05;16.3812988238434
2014-08-06;16.8885370107746
2014-08-07;16.7554909289565
2014-08-08;16.0569989994119
2014-08-11;16.7471755488429
2014-08-12;16.3563526835025
2014-08-13;15.5414454323671
2014-08-14;15.4666070113445
2014-08-15;16.6806525079339
2014-08-18;16.9633754317972
2014-08-19;17.3874598175921
2014-08-20;17.7616519227053
2014-08-21;17.7117596420235
2014-08-22;17.3957751977057
2014-08-25;18.3270977704319
2014-08-26;18.1607901681593
2014-08-27;18.9923281795219
2014-08-28;18.9590666590674
2014-08-29;19.4164125653169
2014-09-01;19.8155508107709
2014-09-02;20.4225735590656
2014-09-03;19.9153353721344
2014-09-04;18.9507512789538
2014-09-05;18.9756974192947
2014-09-08;18.0443748465686
2014-09-09;17.8614364840688
2014-09-10;17.4207213380466
2014-09-11;17.6369212210009
2014-09-12;16.7471755488429
2014-09-15;17.0881061335016
2014-09-16;17.9196441448642
2014-09-17;18.3936208113409
2014-09-18;17.7034442619099
2014-09-19;17.3874598175921
2014-09-22;17.1213676539561
2014-09-23;16.7388601687293
2014-09-24;16.8220139698655
2014-09-25;16.4977141454341
2014-09-26;17.412405957933
2014-09-29;15.4666070113445
2014-09-30;15.0425226255496
2014-10-01;14.210984614187
2014-10-02;14.3856075965731
2014-10-03;15.2587225085038
2014-10-06;16.9550600516836
2014-10-07;17.6369212210009
2014-10-08;17.3375675369104
2014-10-09;17.6286058408873
2014-10-10;16.6473909874794
2014-10-13;18.4019361914545
2014-10-14;18.0027979460004
2014-10-15;16.7554909289565
2014-10-16;15.5081839119126
2014-10-17;15.8740606369122
2014-10-20;14.9011611636179
2014-10-21;13.8700540295283
2014-10-22;13.8118463687329
2014-10-23;12.8140007550978
2014-10-24;13.5540695852105
2014-10-27;11.8826781823717
2014-10-28;12.49801631078
2014-10-29;11.6581629193038
2014-10-30;11.9076243227125
2014-10-31;12.7059008136206
2014-11-03;12.3483394687347
2014-11-04;12.3233933283938
2014-11-05;11.9741473636215
2014-11-06;11.6914244397583
2014-11-07;11.8660474221444
2014-11-10;11.6249013988493
2014-11-11;11.6415321590765
2014-11-12;11.7330013403264
2014-11-13;11.3089169545315
2014-11-14;10.9763017499864
2014-11-17;10.4773789431689
2014-11-18;10.3526482414645
2014-11-19;10.6270557852141
2014-11-21;11.8909935624853
2014-11-24;11.8161551414627
2014-11-25;11.7662628607809
2014-11-26;11.7246859602128
2014-11-27;11.1758708727134
2014-11-28;10.6436865454414
2014-12-01;10.2445482999873
2014-12-02;10.0865560778284
2014-12-03;10.585478884646
2014-12-04;10.1697098789647
2014-12-05;10.1946560193056
2014-12-08;9.56268713066998
2014-12-09;9.44627180907922
2014-12-10;9.00555666305703
2014-12-11;8.99724128294341
2014-12-12;8.40684929487596
2014-12-15;7.63351894430873
2014-12-16;7.79982654658125
2014-12-17;8.03265718976278
2014-12-18;7.86634958749026
2014-12-19;8.17401865169443
2014-12-22;8.5814722772621
2014-12-23;9.1219719846478
2014-12-26;8.56484151703485
2014-12-29;8.5482107568076
2014-12-30;8.33201087385332
2015-01-02;7.783195786354
2015-01-05;7.15954227783205
2015-01-06;6.92671163465052
2015-01-07;7.2094345585138
2015-01-08;7.63351894430873
2015-01-09;7.81645730680851
2015-01-12;7.40900368124083
2015-01-13;7.48384210226346
2015-01-14;7.26764221930919
2015-01-15;7.76656502612675
2015-01-16;7.84971882726301
2015-01-19;7.64183432442236
2015-01-20;7.7499342658995
2015-01-21;8.1657032715808
2015-01-22;8.52326461646672
2015-01-23;8.31538011362607
2015-01-26;8.24054169260344
2015-01-27;8.45674157555771
2015-01-28;7.50878824260434
2015-01-29;7.27595759942281
2015-01-30;6.80198093294613
2015-02-02;7.20111917840018
2015-02-03;8.31538011362607
2015-02-04;8.33201087385332
2015-02-05;8.14907251135355
2015-02-06;7.58362666362698
2015-02-09;7.71667274544499
2015-02-10;7.41731906135446
2015-02-11;7.50878824260434
2015-02-12;7.89961110794477
2015-02-13;8.30706473351244
2015-02-18;8.41516467498958
2015-02-19;8.10749561078542
2015-02-20;8.04097256987641
2015-02-23;7.89129572783114
2015-02-24;8.19896479203531
2015-02-25;7.79982654658125
2015-02-26;7.70835736533137
2015-02-27;7.95781876874015
2015-03-02;7.81645730680851
2015-03-03;7.98276490908103
2015-03-04;7.65846508464961
2015-03-05;7.71667274544499
2015-03-06;7.68341122499049
2015-03-09;7.40900368124083
2015-03-10;7.10964999715029
2015-03-11;7.30921911987732
2015-03-12;7.06807309658216
2015-03-13;6.90176549430964
2015-03-16;7.03481157612766
2015-03-17;7.39237292101358
2015-03-18;7.70835736533137
2015-03-19;7.4006883011272
2015-03-20;7.77488040624038
2015-03-23;7.77488040624038
2015-03-24;7.80814192669488
2015-03-25;8.18233403180805
2015-03-26;7.77488040624038
2015-03-27;7.79982654658125
2015-03-30;8.08254947044454
2015-03-31;8.09086485055817
2015-04-01;8.49000309601222
2015-04-02;8.91408748180715
2015-04-06;8.88914134146627
2015-04-07;9.05544894373879
2015-04-08;8.81430292044363
2015-04-09;9.61257941135174
2015-04-10;9.82877929430602
2015-04-13;10.2029713994192
2015-04-14;10.385909761919
2015-04-15;11.0844016914636
2015-04-16;10.7517864869185
2015-04-17;10.8183095278275
2015-04-20;10.8848325687365
2015-04-22;10.9097787090774
2015-04-23;10.7434711068049
2015-04-24;11.0261940306682
2015-04-27;10.4607481829416
2015-04-28;10.6270557852141
2015-04-29;10.6603173056686
2015-04-30;10.851571048282
2015-05-04;11.475224556804
2015-05-05;11.9575166033943
2015-05-06;11.342178474986
2015-05-07;11.3920707556677
2015-05-08;11.2423939136225
2015-05-11;11.408701515895
2015-05-12;11.4669091766904
2015-05-13;11.6165860187356
2015-05-14;11.5500629778266
2015-05-15;11.6914244397583
2015-05-18;11.4585937965767
2015-05-19;10.7351557266913
2015-05-20;10.718524966464
2015-05-21;11.1841862528271
2015-05-22;10.8765171886229
2015-05-25;10.6436865454414
2015-05-26;10.3027559607827
2015-05-27;10.4358020426007
2015-05-28;10.5355866039642
2015-05-29;10.2528636801009
2015-06-01;10.2861252005555
2015-06-02;10.6769480658959
2015-06-03;10.6686326857822
2015-06-05;10.4441174227143
2015-06-08;10.452432802828
2015-06-09;10.785048007373
2015-06-10;10.851571048282
2015-06-11;10.851571048282
2015-06-12;10.8266249079411
2015-06-15;10.8016787676003
2015-06-16;11.1010324516908
2015-06-17;10.9679863698728
2015-06-18;11.1758708727134
2015-06-19;10.9513556096455
2015-06-22;10.9763017499864
2015-06-23;10.785048007373
2015-06-24;10.9763017499864
2015-06-25;10.4773789431689
2015-06-26;10.9846171301
2015-06-29;10.6021096448732
2015-06-30;10.5688481244187
2015-07-01;10.1281329783966
2015-07-02;10.2279175397601
2015-07-03;9.75394087328338
2015-07-06;9.54605637044273
2015-07-07;9.79551777385151
2015-07-08;9.60426403123811
2015-07-10;9.80383315396514
2015-07-13;9.82877929430602
2015-07-14;9.97845613635128
2015-07-15;9.81214853407876
2015-07-16;9.91193309544228
2015-07-17;9.47953332953372
2015-07-20;8.97229514260253
2015-07-21;8.95566438237528
2015-07-22;8.61473379771661
2015-07-23;8.45674157555771
2015-07-24;8.34864163408057
2015-07-27;7.90792648805839
2015-07-28;8.29043397328519
2015-07-29;8.91408748180715
2015-07-30;8.7062029789665
2015-07-31;8.73114911930737
2015-08-03;8.33201087385332
2015-08-04;8.46505695567134
2015-08-05;8.3236954937397
2015-08-06;8.5814722772621
2015-08-07;8.05760333010366
2015-08-10;8.27380321305794
2015-08-11;8.17401865169443
2015-08-12;8.21559555226256
2015-08-13;7.90792648805839
2015-08-14;7.73330350567225
2015-08-17;7.58362666362698
2015-08-18;7.48384210226346
2015-08-19;7.30921911987732
2015-08-20;7.25932683919556
2015-08-21;6.90176549430964
2015-08-24;6.45273496817383
2015-08-25;6.5691502897646
2015-08-26;6.74377327215074
2015-08-27;7.39237292101358
2015-08-28;7.48384210226346
2015-08-31;7.64183432442236
2015-09-01;7.14291151760479
2015-09-02;7.33416526021819
2015-09-03;7.28427297953644
2015-09-04;7.07638847669579
2015-09-08;7.18448841817293
2015-09-09;6.97660391533227
2015-09-10;6.62735795055998
2015-09-11;6.36958116703757
2015-09-14;6.41947344771933
2015-09-15;6.36126578692394
2015-09-16;6.76871941249162
2015-09-17;6.53588876931009
2015-09-18;6.31968888635581
2015-09-21;6.07022748294703
2015-09-22;5.79581993919737
2015-09-23;5.67108923749298
2015-09-24;5.78750455908375
2015-09-25;5.67108923749298
2015-09-28;5.35510479317519
2015-09-29;5.47983549487958
2015-09-30;6.02033520226528
2015-10-01;5.8373968397655
2015-10-02;6.46105034828746
2015-10-05;6.50262724885559
2015-10-06;6.81029631305975
2015-10-07;7.04312695624128
2015-10-08;7.27595759942281
2015-10-09;7.31753449999094
2015-10-13;6.760404032378
2015-10-14;6.61904257044635
2015-10-15;6.65230409090086
2015-10-16;6.61072719033273
2015-10-19;6.61072719033273
2015-10-20;6.69388099146899
2015-10-21;6.44441958806021
2015-10-22;6.66893485112811
2015-10-23;6.64398871078723
2015-10-26;6.52757338919647
2015-10-27;6.31968888635581
2015-10-28;6.40284268749208
2015-10-29;6.32800426646944
2015-10-30;6.4111580676057
2015-11-03;7.05144233635491
2015-11-04;6.71882713180986
2015-11-05;6.74377327215074
2015-11-06;6.50262724885559
2015-11-09;6.35295040681032
2015-11-10;6.32800426646944
2015-11-11;6.41947344771933
2015-11-12;6.30305812612856
2015-11-13;6.04528134260615
2015-11-16;6.40284268749208
2015-11-17;6.45273496817383
2015-11-18;6.50262724885559
2015-11-19;6.51925800908284
2015-11-23;6.71882713180986
2015-11-24;7.06807309658216
2015-11-25;6.5691502897646
2015-11-26;6.58578104999185
2015-11-27;6.31968888635581
2015-11-30;6.3778965471512
2015-12-01;6.22821970510593
2015-12-02;6.2531658454468
2015-12-03;6.6356733306736
2015-12-04;6.2531658454468
2015-12-07;5.97875830169714
2015-12-08;5.92886602101539
2015-12-09;6.36126578692394
2015-12-10;6.19495818465142
2015-12-11;6.0286505823789
2015-12-14;5.9953890619244
2015-12-15;6.17001204431054
2015-12-16;6.06191210283341
2015-12-17;5.98707368181077
2015-12-18;5.8373968397655
2015-12-21;5.52141239544771
2015-12-22;5.6461430971521
2015-12-23;5.76255841874287
2015-12-28;5.57130467612947
2015-12-29;5.56298929601584
2015-12-30;5.57130467612947
2016-01-04;5.71266613806111
2016-01-05;5.55467391590222
2016-01-06;5.32184327272068
2016-01-07;5.20542795112992
2016-01-08;5.21374333124354
2016-01-11;5.06406648919828
2016-01-12;4.59840520283522
2016-01-13;4.38220531988094
2016-01-14;4.73145128465323
2016-01-15;4.29905151874468
2016-01-18;3.99138245454051
2016-01-19;3.87496713294975
2016-01-20;3.68371339033635
2016-01-21;3.74192105113173
2016-01-22;3.6670826301091
2016-01-26;3.49245964772295
2016-01-27;3.80012871192711
2016-01-28;3.82507485226799
2016-01-29;4.02464397499502
2016-02-01;3.92485941363151
2016-02-02;3.57561344885921
2016-02-03;3.73360567101811
2016-02-04;3.93317479374513
2016-02-05;3.77518257158624
2016-02-10;3.58392882897284
2016-02-11;3.51740578806383
2016-02-12;3.7003441505636
2016-02-15;3.75855181135898
2016-02-16;3.69202877044997
2016-02-17;3.891597893177
2016-02-18;3.81675947215437
2016-02-19;3.70865953067723
2016-02-22;4.19095157726754
2016-02-23;4.09116701590403
2016-02-24;4.0495901153359
2016-02-25;4.06622087556315
2016-02-26;4.0495901153359
2016-02-29;4.2741053784038
2016-03-01;4.41546684033544
2016-03-02;4.69818976419873
2016-03-03;5.46320473465233
2016-03-04;6.00370444203802
2016-03-07;6.12843514374241
2016-03-08;6.21158894487867
2016-03-09;6.31968888635581
2016-03-10;6.61072719033273
2016-03-11;6.72714251192349
2016-03-14;6.15338128408329
2016-03-15;5.49646625510683
2016-03-16;6.01201982215165
2016-03-17;6.73545789203712
2016-03-18;6.75208865226437
2016-03-21;6.70219637158261
2016-03-22;6.74377327215074
2016-03-23;6.46936572840108
2016-03-24;6.49431186874196
2016-03-28;7.0181808159004
2016-03-29;7.05975771646853
2016-03-30;7.0181808159004
2016-03-31;6.94334239487777
2016-04-01;6.95165777499139
2016-04-04;6.30305812612856
2016-04-05;6.51094262896921
2016-04-06;6.30305812612856
2016-04-07;6.40284268749208
2016-04-08;6.86850397385513
2016-04-11;6.97660391533227
2016-04-12;7.50878824260434
2016-04-13;7.90792648805839
2016-04-14;7.61688818408148
2016-04-15;8.05760333010366
2016-04-18;7.68341122499049
2016-04-19;7.99939566930828
2016-04-20;7.88298034771752
2016-04-22;8.10749561078542
2016-04-25;7.75824964601312
2016-04-26;8.04097256987641
2016-04-27;8.52326461646672
2016-04-28;8.50663385623947
2016-04-29;8.50663385623947
2016-05-02;8.45674157555771
2016-05-03;8.1324417511263
2016-05-04;8.24885707271706
2016-05-05;8.15738789146718
2016-05-06;8.38190315453508
2016-05-09;7.88298034771752
2016-05-10;8.49000309601222
2016-05-11;8.52326461646672
2016-05-12;8.14075713123992
2016-05-13;7.86634958749026
2016-05-16;8.10749561078542
2016-05-17;7.89961110794477
2016-05-18;7.7499342658995
2016-05-19;7.45058058180896
2016-05-20;7.4006883011272
2016-05-23;7.06807309658216
2016-05-24;7.09301923692304
2016-05-25;7.2094345585138
2016-05-27;6.84355783351426
2016-05-30;6.96828853521865
2016-05-31;6.68556561135536
2016-06-01;6.80198093294613
2016-06-02;6.9849192954459
2016-06-03;7.12628075737754
2016-06-06;7.03481157612766
2016-06-07;7.16785765794567
2016-06-08;7.80814192669488
2016-06-09;7.63351894430873
2016-06-10;7.30090373976369
2016-06-13;7.16785765794567
2016-06-14;6.90176549430964
2016-06-15;7.07638847669579
2016-06-16;7.06807309658216
2016-06-17;7.44226520169533
2016-06-20;7.63351894430873
2016-06-21;7.92455724828564
2016-06-22;7.76656502612675
2016-06-23;8.04097256987641
2016-06-24;7.69172660510412
2016-06-27;7.30090373976369
2016-06-28;7.65014970453598
2016-06-29;7.89961110794477
2016-06-30;7.83308806703576
2016-07-01;8.1657032715808
2016-07-04;8.20728017214893
2016-07-05;7.72498812555862
2016-07-06;7.89961110794477
2016-07-07;7.94950338862652
2016-07-08;8.18233403180805
2016-07-11;8.61473379771661
2016-07-12;8.85587982101177
2016-07-13;8.83924906078451
2016-07-14;9.08871046419329
2016-07-15;9.16354888521593
2016-07-18;9.60426403123811
2016-07-19;9.79551777385151
2016-07-20;9.82877929430602
2016-07-21;9.85372543464689
2016-07-22;9.92856385566953
2016-07-25;10.0034022766922
2016-07-26;9.87867157498777
2016-07-27;9.57100251078361
2016-07-28;9.51279484998822
2016-07-29;9.87035619487414
2016-08-01;9.35480262782933
2016-08-02;9.44627180907922
2016-08-03;9.89530233521502
2016-08-04;9.98677151646491
2016-08-05;9.68741783237437
2016-08-08;9.90361771532865
2016-08-09;9.87867157498777
2016-08-10;9.61257941135174
2016-08-11;10.0616099374875
2016-08-12;9.97845613635128
2016-08-15;10.2362329198737
2016-08-16;10.385909761919
2016-08-17;10.6104250249869
2016-08-18;10.7102095863504
2016-08-19;10.6353711653277
2016-08-22;10.2694944403282
2016-08-23;10.5355866039642
2016-08-24;10.3110713408963
2016-08-25;10.4191712823735
2016-08-26;10.4358020426007
2016-08-29;10.7018942062368
2016-08-30;10.8848325687365
2016-08-31;10.6852634460095
2016-09-01;10.8099941477139
2016-09-02;11.2839708141906
2016-09-05;11.5001706971449
2016-09-06;11.6249013988493
2016-09-08;11.8244705215763
2016-09-09;11.2340785335088
2016-09-12;11.5999552585084
2016-09-13;10.8183095278275
2016-09-14;10.9014633289638
2016-09-15;11.2340785335088
2016-09-16;10.9430402295319
2016-09-19;10.851571048282
2016-09-20;11.2257631533952
2016-09-21;11.3588092352132
2016-09-22;11.6415321590765
2016-09-23;11.3837553755541
2016-09-26;11.1426093522589
2016-09-27;10.9097787090774
2016-09-28;11.5168014573721
2016-09-29;11.1675554925998
2016-09-30;11.2839708141906
2016-10-03;11.6165860187356
2016-10-04;11.6581629193038
2016-10-05;12.1238242056668
2016-10-06;12.5562239715754
2016-10-07;12.6892700533934
2016-10-10;13.0800929187338
2016-10-11;12.7973699948705
2016-10-13;13.1050390590747
2016-10-14;13.520808064756
2016-10-17;14.0529923920281
2016-10-18;14.4853921579366
2016-10-19;14.6516997602091
2016-10-20;14.7514843215727
2016-10-21;14.9261073039588
2016-10-24;15.1339918067995
2016-10-25;14.9676842045269
2016-10-26;15.0508380056632
2016-10-27;15.0425226255496
2016-10-28;15.0425226255496
2016-10-31;14.7099074210045
2016-11-01;14.0197308715736
2016-11-03;13.4127081232789
2016-11-04;13.2962928016881
2016-11-07;14.3107691755505
2016-11-08;14.1694077136188
2016-11-09;13.8451078891874
2016-11-10;12.8888391761204
2016-11-11;11.6498475391901
2016-11-14;11.6415321590765
2016-11-16;12.2568702874848
2016-11-17;11.8826781823717
2016-11-18;12.0739319249851
2016-11-21;12.9553622170294
2016-11-22;13.2464005210063
2016-11-23;13.1798774800973
2016-11-24;12.9553622170294
2016-11-25;12.7225315738479
2016-11-28;12.8555776556659
2016-11-29;12.1903472465758
2016-11-30;13.3046081818017
2016-12-01;12.8389468954387
2016-12-02;13.1632467198701
2016-12-05;13.0218852579384
2016-12-06;13.4293388835061
2016-12-07;13.188192860211
2016-12-08;13.0551467783929
2016-12-09;12.9553622170294
2016-12-12;12.9719929772567
2016-12-13;12.8472622755523
2016-12-14;12.2568702874848
2016-12-15;12.3483394687347
2016-12-16;12.2735010477121
2016-12-19;11.940885843167
2016-12-20;11.9325704630534
2016-12-21;11.9242550829398
2016-12-22;11.6498475391901
2016-12-23;11.8411012818035
2016-12-26;11.9907781238488
2016-12-27;11.9824627437352
2016-12-28;12.2901318079393
2016-12-29;12.364970228962
2017-01-02;12.1903472465758
2017-01-03;12.8888391761204
2017-01-04;12.8888391761204
2017-01-05;13.0967236789611
2017-01-06;13.0218852579384
2017-01-09;12.7474777141888
2017-01-10;12.8722084158932
2017-01-11;13.0218852579384
2017-01-12;13.2214543806655
2017-01-13;13.0385160181657
2017-01-16;13.0967236789611
2017-01-17;13.1549313397564
2017-01-18;13.1299851994156
2017-01-19;13.1133544391883
2017-01-20;13.3046081818017
2017-01-23;13.2962928016881
2017-01-24;13.3378697022562
2017-01-26;13.1383005795292
2017-01-27;12.9886237374839
2017-01-30;12.3400240886211
2017-01-31;12.4897009306664
2017-02-01;12.4897009306664
2017-02-02;12.3816009891892
2017-02-03;12.7557930943024
2017-02-06;12.4398086499846
2017-02-07;12.2236087670303
2017-02-08;12.5562239715754
2017-02-09;12.5146470710072
2017-02-10;12.9553622170294
2017-02-13;12.9886237374839
2017-02-14;13.1549313397564
2017-02-15;13.1715620999837
2017-02-16;13.188192860211
2017-02-17;12.9803083573703
2017-02-20;13.2380851408927
2017-02-21;13.3794466028244
2017-02-22;13.0551467783929
2017-02-23;12.9387314568022
2017-02-24;12.6227470124844
2017-03-01;12.9054699363477
2017-03-02;12.564539351689
2017-03-03;12.7391623340751
2017-03-06;12.5562239715754
2017-03-07;12.6227470124844
2017-03-08;12.0988780653259
2017-03-09;12.0573011647578
2017-03-10;11.8993089425989
2017-03-13;11.9492012232807
2017-03-14;11.3006015744178
2017-03-15;11.807839761349
2017-03-16;11.4003861357813
2017-03-17;10.9430402295319
2017-03-20;11.3089169545315
2017-03-21;10.8099941477139
2017-03-22;11.3588092352132
2017-03-23;11.2839708141906
2017-03-24;11.2091323931679
2017-03-27;11.4502784164631
2017-03-28;11.5999552585084
2017-03-29;12.0157242641897
2017-03-30;12.0157242641897
2017-03-31;12.0489857846442
2017-04-03;12.1986626266895
2017-04-04;12.3483394687347
2017-04-05;12.1155088255532
2017-04-06;12.0822473050987
2017-04-07;12.2236087670303
2017-04-10;12.4231778897573
2017-04-11;12.2069780068031
2017-04-12;12.1820318664622
2017-04-13;11.7080551999855
2017-04-17;11.874362802258
2017-04-18;11.7246859602128
2017-04-19;11.3089169545315
2017-04-20;11.541747597713
2017-04-24;11.6664782994174
2017-04-25;11.9242550829398
2017-04-26;11.6415321590765
2017-04-27;11.4170168960086
2017-04-28;11.6165860187356
2017-05-02;11.6332167789629
2017-05-03;11.7745782408945
2017-05-04;11.3089169545315
2017-05-05;11.8161551414627
2017-05-08;11.7080551999855
2017-05-09;11.7579474806673
2017-05-10;12.2485549073712
2017-05-11;12.3233933283938
2017-05-12;12.8472622755523
2017-05-15;13.0385160181657
2017-05-16;13.0551467783929
2017-05-17;12.9803083573703
2017-05-18;10.9347248494183
2017-05-19;11.3255477147587
2017-05-22;11.1426093522589
2017-05-23;11.2174477732816
2017-05-24;11.5916398783947
2017-05-25;11.4253322761222
2017-05-26;11.3754399954405
2017-05-29;11.2839708141906
2017-05-30;11.1093478318044
2017-05-31;10.7767326272594
2017-06-01;10.6603173056686
2017-06-02;10.851571048282
2017-06-05;10.9596709897592
2017-06-06;10.9596709897592
2017-06-07;10.7018942062368
2017-06-08;10.6769480658959
2017-06-09;10.6852634460095
2017-06-12;10.7268403465776
2017-06-13;10.7601018670321
2017-06-14;10.4940097033961
2017-06-16;10.2112867795328
2017-06-19;10.2196021596464
2017-06-20;9.86204081476052
2017-06-21;9.67910245226075
2017-06-22;10.0117176568058
2017-06-23;9.9202484755559
2017-06-26;10.2029713994192
2017-06-27;10.1530791187374
2017-06-28;10.0449791772603
2017-06-29;10.1281329783966
2017-06-30;10.2861252005555
2017-07-03;10.2778098204418
2017-07-04;10.3360174812372
2017-07-05;10.1530791187374
2017-07-06;10.1198175982829
2017-07-07;9.9202484755559
2017-07-10;9.96182537612403
2017-07-11;10.2528636801009
2017-07-12;10.7601018670321
2017-07-13;10.7018942062368
2017-07-14;10.851571048282
2017-07-17;10.718524966464
2017-07-18;10.7601018670321
2017-07-19;11.0012478903273
2017-07-20;10.8931479488502
2017-07-21;10.5522173641915
2017-07-24;10.7102095863504
2017-07-25;10.9929325102137
2017-07-26;10.7933633874866
2017-07-27;10.8099941477139
2017-07-28;10.918094089191
2017-07-31;11.0511401710091
2017-08-01;10.9097787090774
2017-08-02;11.2340785335088
2017-08-03;11.0677709312363
2017-08-04;11.1426093522589
2017-08-07;11.2673400539633
2017-08-08;11.2174477732816
2017-08-09;11.2423939136225
2017-08-10;10.9679863698728
2017-08-11;10.7684172471458
2017-08-14;10.8765171886229
2017-08-15;10.9347248494183
2017-08-16;10.918094089191
2017-08-17;10.851571048282
2017-08-18;11.3089169545315
2017-08-21;11.0927170715772
2017-08-22;11.4669091766904
2017-08-23;11.4419630363495
2017-08-24;11.475224556804
2017-08-25;11.541747597713
2017-08-28;11.5334322175994
2017-08-29;11.5168014573721
2017-08-30;11.1841862528271
2017-08-31;11.3504938550996
2017-09-01;11.6581629193038
2017-09-04;11.7828936210081
2017-09-05;11.9824627437352
2017-09-06;12.4897009306664
2017-09-08;12.2319241471439
2017-09-11;12.4647547903255
2017-09-12;12.364970228962
2017-09-13;12.49801631078
2017-09-14;12.5063316908936
2017-09-15;12.5063316908936
2017-09-18;12.5063316908936
2017-09-19;12.5894854920299
2017-09-20;13.1965082403246
2017-09-21;13.0302006380521
2017-09-22;13.0468313982793
2017-09-25;13.1715620999837
2017-09-26;12.9387314568022
2017-09-27;12.7308469539615
2017-09-28;12.7557930943024
2017-09-29;12.7225315738479
2017-10-02;12.8056853749842
2017-10-03;13.2879774215745
2017-10-04;13.0218852579384
2017-10-05;13.2214543806655
2017-10-06;13.0468313982793
2017-10-09;13.2131390005518
2017-10-10;13.4626004039606
2017-10-11;13.3711312227107
2017-10-13;13.3711312227107
2017-10-16;13.4043927431652
2017-10-17;13.4127081232789
2017-10-18;13.4376542636197
2017-10-19;13.4293388835061
2017-10-20;13.4875465443015
2017-10-23;13.4709157840742
2017-10-24;13.7286925675966
2017-10-25;13.9033155499828
2017-10-26;13.9116309300964
2017-10-27;14.1610923335052
2017-10-30;13.9532078306646
2017-10-31;13.9448924505509
2017-11-01;14.0529923920281
2017-11-03;14.0862539124826
2017-11-06;14.4937075380502
2017-11-07;13.720377187483
2017-11-08;14.0945692925962
2017-11-09;13.9033155499828
2017-11-10;13.9033155499828
2017-11-13;13.8367925090738
2017-11-14;12.764108474416
2017-11-16;13.1466159596428
2017-11-17;13.321238942029
2017-11-21;13.2214543806655
2017-11-22;13.3960773630516
2017-11-23;13.4626004039606
2017-11-24;13.387761982938
2017-11-27;13.1965082403246
2017-11-28;13.1715620999837
2017-11-29;12.7474777141888
2017-11-30;12.7890546147569
2017-12-01;12.9803083573703
2017-12-04;12.8722084158932
2017-12-05;12.7308469539615
2017-12-06;12.9054699363477
2017-12-07;12.6892700533934
2017-12-08;12.764108474416
2017-12-11;12.7890546147569
2017-12-12;12.8805237960068
2017-12-13;12.6227470124844
2017-12-14;12.4813855505527
2017-12-15;12.431493269871
2017-12-18;12.6560085329389
2017-12-19;12.5894854920299
2017-12-20;12.6726392931661
2017-12-21;13.188192860211
2017-12-22;13.0967236789611
2017-12-26;13.2796620414608
2017-12-27;13.3461850823698
2017-12-28;13.387761982938
2018-01-02;13.7619540880512
2018-01-03;13.8866847897555
2018-01-04;13.9116309300964
2018-01-05;13.9947847312327
2018-01-08;14.1610923335052
2018-01-09;14.1610923335052
2018-01-10;13.9698385908918
2018-01-11;14.344030696005
2018-01-12;14.3856075965731
2018-01-15;14.4271844971412
2018-01-16;14.67664590055
2018-01-17;15.2670378886175
2018-01-18;15.1506225670267
2018-01-19;15.1838840874812
2018-01-22;15.3585070698674
2018-01-23;15.2088302278221
2018-01-24;16.0819451397528
2018-01-26;16.5725525664568
2018-01-29;16.5060295255478
2018-01-30;16.2066758414572
2018-01-31;16.3812988238434
2018-02-01;17.0631599931607
2018-02-02;16.6058140869113
2018-02-05;15.832483736344
2018-02-06;16.6224448471385
2018-02-07;16.1650989408891
2018-02-08;15.8407991164577
2018-02-09;15.6079684732761
2018-02-14;16.0071067187302
2018-02-15;16.1318374204346
2018-02-16;16.1484681806618
2018-02-19;16.6723371278203
2018-02-20;16.9966369522517
2018-02-21;16.8386447300928
2018-02-22;17.2460983556605
2018-02-23;17.5620827999783
2018-02-26;17.8946980045233
2018-02-27;17.8780672442961
2018-02-28;17.8448057238416
2018-03-01;17.4872443789556
2018-03-02;17.8863826244097
2018-03-05;18.3936208113409
2018-03-06;18.2106824488411
2018-03-07;18.0194287062277
2018-03-08;18.0443748465686
2018-03-09;18.6181360744088
2018-03-12;18.568243793727
2018-03-13;18.3853054312272
2018-03-14;18.6098206942951
2018-03-15;17.7200750221372
2018-03-16;17.8198595835007
2018-03-19;17.4040905778194
2018-03-20;17.5953443204328
2018-03-21;18.3354131505455
2018-03-22;18.0610056067958
2018-03-23;18.0859517471367
2018-03-26;18.3187823903182
2018-03-27;17.8281749636143
2018-03-28;17.6286058408873
2018-03-29;17.8032288232734
2018-04-02;17.3791444374785
2018-04-03;17.2211522153196
2018-04-04;16.9467446715699
2018-04-05;17.5870289403191
2018-04-06;17.6951288817963
2018-04-09;17.0714753732743
2018-04-10;17.7949134431598
2018-04-11;18.1275286477048
2018-04-12;18.0277440863413
2018-04-13;17.6286058408873
2018-04-16;17.146313794297
2018-04-17;17.4872443789556
2018-04-18;18.1275286477048
2018-04-19;18.4601438522499
2018-04-20;18.5931899340679
2018-04-23;18.6929744954314
2018-04-24;18.6264514545224
2018-04-25;18.0693209869095
2018-04-26;18.8177051971358
2018-04-27;18.8842282380448
2018-04-30;19.1004281209991
2018-05-02;18.7927590567949
2018-05-03;18.6680283550905
2018-05-04;18.5183515130453
2018-05-07;18.8343359573631
2018-05-08;19.0505358403173
2018-05-09;20.6055119215654
2018-05-10;21.4121037925871
2018-05-11;21.1543270090647
2018-05-14;21.8195574181548
2018-05-15;22.2769033244042
2018-05-16;22.7758261312218
2018-05-17;21.5784113948596
2018-05-18;21.3289499914509
2018-05-21;20.8300271846333
2018-05-22;20.7460689936432
2018-05-23;19.5370710433864
2018-05-24;16.8588047508036
2018-05-25;16.6237218160314
2018-05-28;14.1973300964188
2018-05-29;16.2039308610811
2018-05-30;15.9352646499129
2018-06-01;13.5676436639933
2018-06-04;14.7178708805571
2018-06-05;13.9286638852506
2018-06-06;13.7103725886764
2018-06-07;13.2318109000331
2018-06-08;12.8036241259838
2018-06-11;12.9379572315679
2018-06-12;12.9799363270629
2018-06-13;12.7364575731918
2018-06-14;12.6776868394987
2018-06-15;12.5685411912116
2018-06-18;12.1739376935584
2018-06-19;12.9463530506669
2018-06-20;13.6096227594884
2018-06-21;12.6776868394987
2018-06-22;12.6860826585977
2018-06-25;13.1814359854391
2018-06-26;13.4668938348053
2018-06-27;13.8950806088545
2018-06-28;13.9370597043496
2018-06-29;14.4324130311909
2018-07-02;14.6674959659631
2018-07-03;14.6926834232601
2018-07-04;15.4902862376656
2018-07-05;14.9949329108243
2018-07-06;15.0620994636164
2018-07-10;14.9025789007352
2018-07-11;14.617121051369
2018-07-12;15.0704952827154
2018-07-13;15.2048283882994
2018-07-16;15.0117245490223
2018-07-17;15.3559531320816
2018-07-18;15.1544534737054
2018-07-19;15.4483071421706
2018-07-20;16.1955350419821
2018-07-23;16.1703475846851
2018-07-24;16.5061803486453
2018-07-25;16.7580549216155
2018-07-26;16.2962848711702
2018-07-27;16.5985343587344
2018-07-30;16.6992841879225
2018-07-31;16.5565552632394
2018-08-01;16.8000340171105
2018-08-02;17.1358667810708
2018-08-03;17.7235741180012
2018-08-06;17.6648033843081
2018-08-07;17.3877413540409
2018-08-08;16.9091796653976
2018-08-09;17.0770960473777
2018-08-10;16.4474096149523
2018-08-13;16.8252214744076
2018-08-14;16.7748465598135
2018-08-15;15.994035383606
2018-08-16;15.9100771926159
2018-08-17;15.4986820567647
2018-08-20;15.4147238657746
2018-08-21;14.8773914434382
2018-08-22;15.4063280466756
2018-08-23;15.0704952827154
2018-08-24;15.3643489511806
2018-08-27;15.7085775342398
2018-08-28;15.4063280466756
2018-08-29;16.2039308610811
2018-08-30;15.7841399061308
2018-08-31;16.1703475846851
2018-09-03;15.952056288111
2018-09-04;15.6582026196458
2018-09-05;15.6582026196458
2018-09-06;15.943660469012
2018-09-10;16.1703475846851
2018-09-11;15.5322653331607
2018-09-12;15.9100771926159
2018-09-13;15.7085775342398
2018-09-14;15.7757440870318
2018-09-17;16.2878890520712
2018-09-18;17.0015336754867
2018-09-19;16.7748465598135
2018-09-20;16.6824925497245
2018-09-21;16.9091796653976
2018-09-24;16.7916381980115
2018-09-25;16.8588047508036
2018-09-26;16.9511587608926
2018-09-27;18.0174277864664
2018-09-28;17.7067824798032
2018-10-01;17.6312201079121
2018-10-02;19.1592591839312
2018-10-03;19.9736536365347
2018-10-04;20.1667574758118
2018-10-05;20.1163825612178
2018-10-08;22.3328788033553
2018-10-09;22.5175868235335
2018-10-10;21.87110875291
2018-10-11;21.2330265013856
2018-10-15;21.6360258181379
2018-10-16;22.4420244516424
2018-10-17;22.2069415168702
2018-10-18;21.5772550844448
2018-10-19;21.7619631046229
2018-10-22;22.2741080696623
2018-10-23;21.9970460393951
2018-10-24;21.5604634462468
2018-10-25;22.0977958685832
2018-10-26;23.1724607132559
2018-10-29;22.1817540595732
2018-10-30;23.5082934772161
2018-10-31;23.1892523514539
2018-11-01;22.9373777784838
2018-11-05;23.6426265828002
2018-11-06;22.8282321301967
2018-11-07;22.0810042303852
2018-11-08;21.2834014159796
2018-11-09;21.3757554260687
2018-11-12;21.2666097777816
2018-11-13;20.35146549599
2018-11-14;21.0735059385045
2018-11-16;21.6612132754349
2018-11-19;21.829129657415
2018-11-21;21.1322766721975
2018-11-22;21.1154850339995
2018-11-23;20.460611144277
2018-11-26;20.359861315089
2018-11-27;21.4345261597617
2018-11-28;21.3085888732766
2018-11-29;21.1322766721975
2018-11-30;21.3757554260687
2018-12-03;21.778754742821
2018-12-04;21.2750055968806
2018-12-05;21.4597136170587
2018-12-06;20.6453191644552
2018-12-07;20.7964439082373
2018-12-10;19.6797999680695
2018-12-11;19.5538626815844
2018-12-12;19.5622585006834
2018-12-13;19.6126334152775
2018-12-14;19.3523630232083
2018-12-17;19.2012382794262
2018-12-18;18.4708020178127
2018-12-19;18.6806974952878
2018-12-20;18.0426152437634
2018-12-21;18.0929901583574
2018-12-26;19.0508026533846
2018-12-27;19.042015382788
2018-12-28;19.9295297130426
2019-01-02;21.1421730553706
2019-01-03;21.6606220205687
2019-01-04;21.7221329147448
2019-01-07;22.0648364680114
2019-01-08;21.9330274090627
2019-01-09;22.3899654800849
2019-01-10;22.1966455269601
2019-01-11;21.9593892208525
2019-01-14;21.8363674325003
2019-01-15;21.8187928913072
2019-01-16;21.8100056207106
2019-01-17;22.1087728209943
2019-01-18;22.3196673153122
2019-01-21;22.4339018330678
2019-01-22;22.0824110092046
2019-01-23;22.346029127102
2019-01-24;22.4426891036643
2019-01-28;21.7660692677277
2019-01-29;22.2933055035225
2019-01-30;22.512987268437
2019-01-31;22.4778381860507
2019-02-01;22.6711581391754
2019-02-04;22.8732653628967
2019-02-05;22.8908399040899
2019-02-06;22.3987527506814
2019-02-07;22.0472619268183
2019-02-08;22.0824110092046
2019-02-11;21.8275801619038
2019-02-12;22.6008599744028
2019-02-13;22.8908399040899
2019-02-14;23.6816942577821
2019-02-15;23.5850342812197
2019-02-18;23.514736116447
2019-02-19;24.059546893435
2019-02-20;23.7607796931513
2019-02-21;24.0771214346281
2019-02-22;23.8398651285205
2019-02-25;23.4620124928676
2019-02-26;23.3565652457086
2019-02-27;23.7959287755376
2019-02-28;23.7783542343444
2019-03-01;23.4620124928676
2019-03-06;23.514736116447
2019-03-07;23.5235233870436
2019-03-08;23.4356506810778
2019-03-11;24.3846759055084
2019-03-12;24.1649941405939
2019-03-13;24.6922303763887
2019-03-14;24.7713158117579
2019-03-15;24.8240394353374
2019-03-18;25.2546156945698
2019-03-19;25.6588301420125
2019-03-20;25.4567229182911
2019-03-21;25.0964448238314
2019-03-22;23.725630610765
2019-03-25;24.0243978110487
2019-03-26;25.1579557180074
2019-03-27;24.0243978110487
2019-03-28;24.6570812940024
2019-03-29;24.6570812940024
2019-04-01;24.6043576704229
2019-04-02;24.8591885177237
2019-04-03;24.2001432229803
2019-04-04;25.0173593884622
2019-04-05;25.2897647769561
2019-04-08;25.7027664949954
2019-04-09;25.6236810596262
2019-04-10;25.2897647769561
2019-04-11;24.6043576704229
2019-04-12;22.6975199509652
2019-04-15;22.7853926569309
2019-04-16;23.4795870340607
2019-04-17;23.5059488458505
2019-04-18;24.2528668465597
2019-04-22;24.1122705170145
2019-04-23;24.3231650113324
2019-04-24;24.2528668465597
2019-04-25;24.4286122584913
2019-04-26;24.0491215333775
2019-04-29;24.1550259217813
2019-04-30;23.925566413573
2019-05-02;23.5902025169607
2019-05-03;23.6961069053646
2019-05-06;23.625503979762
2019-05-07;23.2548386203485
2019-05-08;24.1550259217813
2019-05-09;23.678456173964
2019-05-10;23.5460756884591
2019-05-13;22.857697163834
2019-05-14;22.9459508208372
2019-05-15;22.8400464324334
2019-05-16;22.3016991247137
2019-05-17;21.7810025483947
2019-05-20;22.5223332672218
2019-05-21;23.378393740153
2019-05-22;23.3340156199173
2019-05-23;22.9346125377963
2019-05-24;23.1565031389746
2019-05-27;23.2896374996817
2019-05-28;23.7866724463212
2019-05-29;23.5204037249072
2019-05-30;23.2097568832574
2019-05-31;22.6772194404294
2019-06-03;23.0677468985033
2019-06-04;23.2541350034931
2019-06-05;22.9523637858905
2019-06-06;23.3251399958702
2019-06-07;23.7511699501327
2019-06-10;23.6535380856142
2019-06-11;24.1061949120181
2019-06-12;23.8310505665569
2019-06-13;24.1239461601123
2019-06-14;24.0174386715467
2019-06-17;24.0618167917824
2019-06-18;24.363588009385
2019-06-19;24.4257173777149
2019-06-21;25.1002648052972
2019-06-24;25.0736379331558
2019-06-25;24.4168417536678
2019-06-26;24.5588517384219
2019-06-27;24.168324280348
2019-06-28;24.3280855131964
2019-07-01;24.1949511524894
2019-07-02;23.8044236944155
2019-07-03;24.0795680398767
2019-07-04;24.3103342651022
2019-07-05;24.3192098891493
2019-07-08;24.5411004903277
2019-07-10;24.9138767003073
2019-07-11;25.2067722938628
2019-07-12;25.3221554064755
2019-07-15;25.0115085648258
2019-07-16;24.7008617231761
2019-07-17;24.5677273624691
2019-07-18;24.4168417536678
2019-07-19;24.3547123853378
2019-07-22;24.3990905055735
2019-07-23;24.4257173777149
2019-07-24;24.2748317689136
2019-07-25;23.8665530627454
2019-07-26;23.2008812592103
2019-07-29;23.4138962363415
2019-07-30;23.2896374996817
2019-07-31;23.1476275149275
2019-08-01;22.721597560665
2019-08-02;23.5381549730014
2019-08-05;22.6772194404294
2019-08-06;22.9701150339848
2019-08-07;22.721597560665
2019-08-08;23.3872693642002
2019-08-09;23.3251399958702
2019-08-12;22.7659756809007
2019-08-13;23.1519918300642
2019-08-14;22.3709824119892
2019-08-15;21.7515611493779
2019-08-16;21.4642933174423
2019-08-19;21.5720187544181
2019-08-20;21.5630416346701
2019-08-21;22.8467697586326
2019-08-22;22.6402960044289
2019-08-23;21.7964467481179
2019-08-26;21.5091789161822
2019-08-27;21.8503094666058
2019-08-28;22.0747374603055
2019-08-29;22.8916553573726
2019-08-30;22.8916553573726
2019-09-02;22.7121129624128
2019-09-03;22.9814265548524
2019-09-04;23.5739164582197
2019-09-05;23.6906190149436
2019-09-06;23.8073215716675
2019-09-09;24.175383481335
2019-09-10;24.3279945170508
2019-09-11;24.1215207628471
2019-09-12;24.2920860380589
2019-09-13;24.1304978825951
2019-09-16;25.1897980128578
2019-09-17;24.8576445821822
2019-09-18;24.4357199540267
2019-09-19;24.4985597922626
2019-09-20;24.2382233195709
2019-09-23;24.6691250674744
2019-09-24;24.4806055527666
2019-09-25;24.5434453910026
2019-09-26;24.8666217019302
2019-09-27;24.8307132229382
2019-09-30;24.7319649057104
2019-10-01;24.6960564267184
2019-10-02;23.9868639666272
2019-10-03;24.0048182061232
2019-10-04;23.7983444519195
2019-10-07;23.4931223804878
2019-10-08;23.358465584268
2019-10-09;23.8073215716675
2019-10-10;24.0048182061232
2019-10-11;24.4716284330187
2019-10-14;24.5165140317586
2019-10-15;24.7768505044503
2019-10-16;25.0730954561339
2019-10-17;24.8307132229382
2019-10-18;24.7768505044503
2019-10-21;24.9294615401661
2019-10-22;25.6476311200053
2019-10-23;25.9887616704288
2019-10-24;25.4232031263055
2019-10-25;26.2580752628685
2019-10-28;26.5722744540481
2019-10-29;26.7697710885039
2019-10-30;27.0031762019516
2019-10-31;27.2814669141393
2019-11-01;27.3173753931313
2019-11-04;27.2545355548953
2019-11-05;26.6171600527881
2019-11-06;26.671022771276
2019-11-07;27.7393000212867
2019-11-08;26.9493134834637
2019-11-11;27.3353296326272
2019-11-12;27.3171303452553
2019-11-13;27.2079346210238
2019-11-14;26.6619559998661
2019-11-18;26.461763838775
2019-11-19;26.1887745281961
2019-11-21;27.162436402594
2019-11-22;27.2807317705115
2019-11-25;27.0532406783624
2019-11-26;26.5618599193205
2019-11-27;26.689254930924
2019-11-28;26.8712478046432
2019-11-29;26.5254613445767
2019-12-02;26.452664195089
2019-12-03;26.3707674019154
2019-12-04;26.9895431725607
2019-12-05;27.3444292763132
2019-12-06;27.617418586892
2019-12-09;27.4900235752886
2019-12-10;27.6993153800657
2019-12-11;27.6629168053218
2019-12-12;28.1815964954216
2019-12-13;27.2807317705115
2019-12-16;26.7620520804117
2019-12-17;27.162436402594
2019-12-18;27.7903118169253
2019-12-19;27.854009322727
2019-12-20;27.5355217937184
2019-12-23;27.7539132421815
2019-12-26;28.1269986333059
2019-12-27;27.9711957734928
2019-12-30;27.6595900538668
2020-01-02;28.1361635074125
2020-01-03;27.9070416547463
2020-01-06;28.2369771225856
2020-01-07;28.1269986333059
2020-01-08;27.9528660252795
2020-01-09;27.861217284213
2020-01-10;27.7420739208266
2020-01-13;27.7970631654665
2020-01-14;27.4946223199471
2020-01-15;27.0822029851479
2020-01-16;27.0547083628279
2020-01-17;27.3571492083473
2020-01-20;27.4946223199471
2020-01-21;27.1463571038944
2020-01-22;26.843916258375
2020-01-23;27.1280273556811
2020-01-24;26.8530811324816
2020-01-27;25.6891421209372
2020-01-28;26.3948374271492
2020-01-29;26.4406617976824
2020-01-30;26.5231456646423
2020-01-31;26.0740668334165
2020-02-03;25.8266152325369
2020-02-04;26.2390345673362
2020-02-05;26.0190775887766
2020-02-06;26.7431026432018
2020-02-07;26.5139807905356
2020-02-10;26.6972782726686
2020-02-11;27.0180488664013
2020-02-12;27.6137656833335
2020-02-13;27.2380058449609
2020-02-14;26.9630596217614
2020-02-17;26.9080703771215
2020-02-18;27.2655004672808
2020-02-19;27.9986903958128
2020-02-20;27.4213033270939
2020-02-21;26.7064431467753
2020-02-26;24.0211350335271
2020-02-27;23.187131489822
2020-02-28;23.2237909862486
2020-03-02;24.3144110049399
2020-03-03;23.8744970478207
2020-03-04;24.6443464727792
2020-03-05;23.1779666157154
2020-03-06;20.9234075854797
2020-03-09;14.7096229411717
2020-03-10;16.0935189312757
2020-03-11;14.5263254590387
2020-03-12;11.5477413743778
2020-03-13;14.1139061242395
2020-03-16;11.9968202056036
2020-03-17;11.9143363386437
2020-03-18;10.3471428664068
2020-03-19;11.1903112842185
2020-03-20;10.9978489279788
2020-03-23;10.5396052226464
2020-03-24;12.14345819131
2020-03-25;13.1240997207214
2020-03-26;13.188253839468
2020-03-27;12.1892825618432
2020-03-30;12.2626015546964
2020-03-31;12.821658875202
2020-04-01;13.1057699725081
2020-04-02;14.2147197394126
2020-04-03;14.0589168795996
2020-04-06;14.4530064661855
2020-04-07;15.0303935349044
2020-04-08;15.8735619527161
2020-04-09;15.4153182473837
2020-04-13;15.5161318625568
2020-04-14;15.3328343804238
2020-04-15;15.0120637866911
2020-04-16;14.4071820956523
2020-04-17;14.7829419340249
2020-04-20;14.6179742001052
2020-04-22;15.3511641286371
2020-04-23;15.5344616107701
2020-04-24;14.6179742001052
2020-04-27;15.0762179054376
2020-04-28;15.8094078339696
2020-04-29;16.6800708741012
2020-04-30;16.5425977625015
2020-05-04;15.928551197356
2020-05-05;16.4417841473284
2020-05-06;15.8369024562895
2020-05-07;15.9835404419959
2020-05-08;16.9366873490874
2020-05-11;16.634246503568
2020-05-12;16.6250816294613
2020-05-13;16.1210135535956
2020-05-14;15.9468809455693
2020-05-15;15.7177590929031
2020-05-18;16.9916765937273
2020-05-19;17.1199848312204
2020-05-20;17.6882070258326
2020-05-21;17.5873934106595
2020-05-22;17.1108199571137
2020-05-25;17.8531747597523
2020-05-26;18.0273073677786
2020-05-27;18.2655940945515
2020-05-28;18.1189561088451
2020-05-29;18.6413539329241
2020-06-01;18.6321890588175
2020-06-02;19.6128305882289
2020-06-03;19.6769847069754
2020-06-04;19.6403252105489
2020-06-05;20.2543717756943
2020-06-08;20.6484613622802
2020-06-09;19.9061065596417
2020-06-10;19.6128305882289
2020-06-12;18.879640659697
2020-06-15;18.9712894007635
2020-06-16;19.585335965909
2020-06-17;19.6494900846555
2020-06-18;19.7961280703619
2020-06-19;19.6769847069754
2020-06-22;19.2004112534297
2020-06-23;19.8419524408951
2020-06-24;19.2462356239629
2020-06-25;19.6769847069754
2020-06-26;19.0995976382566
2020-06-29;19.8511173150018
2020-06-30;19.7503036998286
2020-07-01;19.896941685535
2020-07-02;20.2177122792677
2020-07-03;20.1443932864146
2020-07-06;20.6301316140669
2020-07-07;20.3735151390808
2020-07-08;20.75843985156
2020-07-09;20.2910312721209
2020-07-10;20.6301316140669
2020-07-13;20.3093610203342
2020-07-14;20.9875617042263
2020-07-15;21.3908161649188
2020-07-16;20.8225939703066
2020-07-17;20.8409237185199
2020-07-20;20.8409237185199
2020-07-21;21.4183107872388
2020-07-22;21.125034815826
2020-07-23;20.5868754660273
2020-07-24;20.7328169846168
2020-07-27;21.1615201954734
2020-07-28;20.7966663989997
2020-07-29;21.1341561607378
2020-07-30;20.8149090888234
2020-07-31;20.2493857042892
2020-08-03;19.8845319078155
2020-08-04;19.8662892179918
2020-08-05;21.1432775056497
2020-08-06;21.179762885297
2020-08-07;20.7875450540878
2020-08-10;21.3895538182694
2020-08-11;21.0520640565313
2020-08-12;21.4169178530049
2020-08-13;20.8331517786471
2020-08-14;20.6780889151457
2020-08-17;20.6142395007628
2020-08-18;20.9973359870602
2020-08-19;20.8787585032063
2020-08-20;20.7328169846168
2020-08-21;20.5777541211155
2020-08-24;20.951729262501
2020-08-25;20.8605158133826
2020-08-26;20.2676283941128
2020-08-27;20.20377897973
2020-08-28;20.5595114312918
2020-08-31;19.9666240120221
2020-09-01;20.8605158133826
2020-09-02;20.7966663989997
2020-09-03;20.8696371582944
2020-09-04;20.9061225379418
2020-09-08;20.3041137737602
2020-09-09;20.7328169846168
2020-09-10;20.1764149449944
2020-09-11;19.9575026671102
2020-09-14;19.7750757688734
2020-09-15;19.7659544239616
2020-09-16;19.8206824934326
2020-09-17;20.20377897973
2020-09-18;19.7477117341379
2020-09-21;19.0636108657497
2020-09-22;18.9723974166313
2020-09-23;18.4524807566563
2020-09-24;18.6075436201576
2020-09-25;18.3612673075379
2020-09-28;17.9052000619458
2020-09-29;17.6133170247668
2020-09-30;17.8869573721221
2020-10-01;18.1058696500063
2020-10-02;17.3487980223234
2020-10-05;18.2700538584195
2020-10-06;18.1788404093011
2020-10-07;18.0511415805353
2020-10-08;18.644028999805
2020-10-09;18.0602629254471
2020-10-13;18.3612673075379
2020-10-14;18.2153257889484
2020-10-15;18.0146562008879
2020-10-16;17.6315597145905
2020-10-19;17.8048652679155
2020-10-20;18.4068740320971
2020-10-21;18.3886313422734
2020-10-22;19.0088827962787
2020-10-23;18.7626064836589
2020-10-26;18.47072344648
2020-10-27;18.1332336847418
2020-10-28;17.029550950409
2020-10-29;17.5950743349432
2020-10-30;17.2758272630287
2020-11-03;17.9234427517695
2020-11-04;17.9872921661524
2020-11-05;18.1423550296537
2020-11-06;18.0146562008879
2020-11-09;19.7112263544905
2020-11-10;21.0520640565313
2020-11-11;20.8696371582944
2020-11-12;19.9848667018457
2020-11-13;20.6416035354984
2020-11-16;21.2436122996799
2020-11-17;21.6084660961536
2020-11-18;21.4807672673878
2020-11-19;21.7270435800076
2020-11-20;21.5719807165063
2020-11-23;22.8945757287233
2020-11-24;23.9161663588496
2020-11-25;23.9435303935852
2020-11-26;23.551312562376
2020-11-27;23.259429525197
2020-11-30;22.7121488304865
2020-12-01;23.3506429743154
2020-12-02;23.6334046665825
2020-12-03;24.299262845147
2020-12-04;25.1110625423009
2020-12-07;24.6276312619733
2020-12-08;24.3175055349707
2020-12-09;24.5729031925023
2020-12-10;25.3755815447444
2020-12-11;25.1475479219483
2020-12-14;25.1931546465075
2020-12-15;25.4029455794799
2020-12-16;25.7130713064825
2020-12-17;25.7586780310417
2020-12-18;25.6309792022759
2020-12-21;24.645873951797
2020-12-22;24.8830289195049
2020-12-23;25.4941590285983
2020-12-28;25.7039499615707
2020-12-29;25.7860420657772
2020-12-30;25.8498914801601
